id,_origin,name_JP,unit_JP,name,unit,name2_JP,name2,unknown_JP,unknown,tiles,parse,vals,trait,elements,sort,idTaste,TST,NUT,STR,STR2,END,END2,DEX,DEX2,PER,PER2,LER,LER2,WIL,WIL2,MAG,MAG2,CHA,CHA2,_Calc,LV,chance,value,weight,recipeKey,factory,components,defMat,category,tag,detail_JP,detail
string,string,string,string,string,string,string[],string[],string,string,int[],string[],string[],string[],elements,,string,int,int,int,int,int,int,int,int,int,int,int,int,int,int,int,int,int,int,,int,int,int,int,string[],string[],string[],string,string,string[],string,string
1135,,,,,,,,,,,,,,,,,,20,,,,,,,,,,,,,,,,,,0,-1,-1,-1,,,,,,,,
_poop,poop,,,,,,,,,,,,,,10,,,10,,,,,,,-30,,,,,,,,,,,1,,1,120,,,,,,"ignoreUse,throwWeaponEnemy",,
_meat,meat,死体,,corpse,,,,,,,,,,,10,,,15,30,,,,,,,,,,,,,,,,,1,,90,320,,,,,,,,
meat_marble,meat,霜降り肉,塊,marbled meat,,,,,,3426,,,,,10,,,10,40,30,,,,,,,,,,,,,,,,15,,450,320,,,,,,,,
deadbody,meat,,,,,,,,,"2017,2018,2019",render/obj,,,food_human,10,,,5,,10,,,-10,,-10,,,,,,,,,,,1,,150,550,,,,,,,,
dattamono,meat,だったもの,片,what once was life,remnant,#1だったもの,what once was #1,,,3305,,,,,10,,,5,,,,-10,,30,,,,,,,,,-20,,,1,10,50,200,,,,,,,,
_egg,egg,卵,,egg,,,,,,3404,,,,,15,,,8,,,,,,,,,,40,,,,,,,,1,,200,50,,,,,,,,
egg_fertilized,egg,有精卵,,fertilized egg,,,,,,3304,,,FoodEggFertilized,,15,,,8,,,,,,,,,,60,,,,,,,,10,0,2000,50,,,,,,,,
696,nuts,アピの実,握り,api nuts,handful,,,,,2013,,,,,40,,,6,,,,,,,,,,,30,,10,,,,,3,,50,20,,,,,,,,
crim,nuts,クリム,握り,crim,handful,,,,,2008,,,,,40,,,4,,,,,,,,,,,,,10,,20,,,4,,60,30,,,,,,,,
coffee_bean,nuts,コフィ豆,握り,coffee beans,handful,,,,,2038,,,,stimulant/30,40,,,2,,,,10,,,20,,,,,,,,,,,12,,190,40,,,,,,,,
apple,fruit,りんご,,apple,,,,,,2006,,,,,50,,,10,,,,,,,,,,,,20,30,,,,,1,,80,90,,,,,,,,
berry,fruit,ブルーベリー,,blueberry,,,,,,2007,,,,,50,,,5,,,,,,,,,,,,,10,,20,20,,2,,70,40,,,,,,,,
orange,fruit,蜜柑,,orange,,,,,,2009,,,,,50,,,8,,,,,,,10,,,,,,20,20,,,,6,,90,70,,,,,,,,
117,fruit,梨,,pear,,,,,,2010,,,,,50,,,10,,,,,,,,,,,,,,,20,30,,10,,130,80,,,,,,,,
118,fruit,パイナップル,,pineapple,,,,,,2011,,,,,50,,,14,,,,,,,,30,,,,,30,20,,,,16,,180,400,,,,,,,,
grape,fruit,葡萄,房,grape,,,,,,2012,,,,,50,,,8,,,,,,,,,,,,,50,,,20,,20,,350,90,,,,,,,,
779,fruit,万色フルーツ,,rainbow fruit,,,,,,2019,,,,,50,,,20,,,,,,,,50,40,20,,,10,,,20,,32,100,1200,600,,,,,,,,
780,fruit,グァパ,,guava,,,,,,2021,,,,,50,,,12,,,,,,,-10,,20,30,,,10,20,,,,12,,140,120,,,,,,,,
785,fruit,レモン,,lemon,,,,,,2025,,,,,50,,,5,,,,,,,,,,20,,,,40,,,,8,,100,80,,,,,,,,
786,fruit,スイカ,,watermelon,,,,,,2026,,,,,50,,,12,,,40,-10,,,,,,,,20,20,,,,,14,,220,450,,,,,,,,
787,fruit,バナナ,本,banana,,,,,,2027,,,,,50,,,16,,,,,,,,,,30,,,30,,,,,5,,100,250,,,,,,,,
788,fruit,サクランボ,本,cherry,,,,,,2028,,,,,50,,,5,,,-10,,,30,,,,,,,20,,,30,,24,,150,70,,,,,,,,
790,fruit,パルル,,palulu,,,,,,2029,,,,,50,,,15,30,,20,,,-10,,,,,,,20,,,,,18,,160,750,,,,,,,,
cactus,fruit,サボテン,,cactus,,,,,,2030,,,,,50,,,6,,,,30,,30,,,,,,,,,,,,12,,130,300,,,,,,,,
carrot,vegi,にんじん,本,carrot,,,,,,2000,,,,,60,,,8,,,,,,,,,,20,,20,10,,20,,,1,,70,90,,,,,,,,
cabbage,vegi,キャベツ,,cabbage,,,,,,2001,,,,,60,,,6,,,,,20,,,,,,,30,,,,,,4,,60,100,,,,,,,,
tomato,vegi,トマト,,tomato,,,,,,2002,,,,,60,,,8,,,,,,,,10,,,,,10,10,20,,,5,,80,80,,,,,,throwWeapon,,
corn,vegi,とうもろこし,本,corn,,,,,,2003,,,,,60,,,13,,,,40,,,,,,,,,10,,20,,,12,,110,120,,,,,,,,
potato,vegi,イーモ,,imo,,,,,,2004,,,,,60,,,16,,,,,,,30,,,,30,,10,,,,,6,,90,160,,,,,,,,
radish,vegi,大根,本,radish,,,,,,2005,,,,,60,,,10,,,,20,20,,,,,,,20,,,,,,8,,100,180,,,,,,,,
697,vegi,ナス,本,eggplant,,,,,,2014,,,,,60,,,10,,,,,,,,20,,10,,,,,,20,,14,,120,110,,,,,,,,
781,vegi,レッチョ,,leccho,,,,,,2020,,,,,60,,,8,,,,,20,20,,,,,,20,,,,,,16,,90,130,,,,,,,,
782,vegi,瓜,,gourd,,,,,,2022,,,,,60,,,13,,,20,,,,,,,10,,,,10,10,,,20,,150,260,,,,,,,,
783,vegi,カボチ,,cabocchi,,,,,,2023,,,,,60,,,17,,20,20,,,,,,,,20,,,,,,,9,,160,480,,,,,,throwWeapon,,
784,vegi,サツマイーモ,本,sweet potato,,,,,,2024,,,,,60,,,14,,,,,,,,,,30,10,,30,,,,,11,,120,200,,,,,,,,
pepper_red,vegi,トウガラシ,本,red pepper,,,,,,2042,,,,,60,,,3,,,,,,,,,,,,,,80,,,,30,,300,30,,,,,,,,
seaweed,vegi,海藻,本,seaweed,,,,,,2031,,,,,60,,,7,,,,,20,,,20,,10,,,,,,,,12,,100,80,,,,,,,,
seaweed2,vegi,深海藻,本,deep seaweed,,,,,,2041,,,,,60,,,11,,,,,30,,,,30,,,,,,,,,20,,180,110,,,,,,,,
bamboo_shoot,vegi,タケノコ,本,bamboo shoot,,,,,,2032,,,,,60,,,10,,,,,,20,,,,,,30,,,,,,5,,70,100,,,,,,,,
mushroom,vegi,きのこ,本,mushroom,,,,,,2015,,,,,70,,,10,,,,,,,20,,,,,,,,20,,,1,,30,60,,,,,mushroom,,,
699,vegi,白きのこ,本,white mushroom,,,,,,2016,,,,nerve/-10,70,,,8,,,,,,,,,,,,,30,,,20,,1,250,100,60,,,,,mushroom,ignoreUse,,
700,vegi,赤きのこ,本,red mushroom,,,,,,2017,,,,antidote/-10,70,,,8,,,,,,30,,20,,,,,,,,,,1,250,150,60,,,,,mushroom,ignoreUse,,
701,vegi,トリュフ,本,truffle,,,,,,2018,,,,,70,,,7,,30,,,,,,,30,,,,,,,,,10,50,1000,80,,,,,mushroom,,,
mushroom_rare,vegi,高級きのこ,本,rare mushroom,,,,,,1918,,,,,70,,,6,,,,,,,30,,40,,,,,,,,,25,20,2000,80,,,,,mushroom,,,
herb_red,herb,赤い薬草,枚,red herb,,,,,,2033,,,,blood/20,70,,,2,,,,,,,,,,,,,,,,,,1,,50,30,,,,,,,,
herb_blue,herb,青い薬草,枚,blue herb,,,,,,2034,,,,antidote/20,70,,,2,,,,,,,,,,,,,,,,,,1,,50,30,,,,,,,,
herb_purple,herb,紫の薬草,枚,purple herb,,,,,,2035,,,,nerve/30,70,,,2,,,,,,,,,,,,,,,,,,1,,50,30,,,,,,,,
herb_green,herb,緑の薬草,枚,green herb,,,,,,2040,,,,comfort/30,70,,,2,,,,,,,,,,,,,,,,,,1,,50,30,,,,,,,,
herb_tobacco,herb,タバックの葉,枚,tobacc leaf,,,,,,2039,,,,nerve/30,70,,,2,,,,,,,,,,-20,,,,,,,,1,,200,30,,,,,,,,
62,fish,ゼニタナゴ,,bitterling,,,,,,2800,,,,,80,,,5,,,-10,,10,30,,,,,,,,,,,,1,,80,120,,,,,,,,
63,fish,おたまじゃくし,,tadpole,,,,,,2801,,,,,80,,,3,,,-20,,40,10,,,,,,,,,,,,1,,50,30,,,,,,,,
64,fish,金魚,,goldfish,,,,,,2802,,,,,80,,,5,,,-10,,20,20,,20,,,,,,,20,,,1,200,380,140,,,,,,,,
65,fish,コイ,,carp,,,,,,2803,,,,,80,,,10,,,,,30,,,30,20,,,,,,,,,1,100,520,640,,,,,,,,
65_gold,fish,金のコイ,,golden carp,,,,,,3003,,,,,80,,,10,,,,,20,,,50,80,,,,,,,,,10,0,52000,640,,,,gold,,noWish,,
66,fish,ウナギ,,eel,,,,,,2804,,,,,80,,,16,30,20,,,10,,10,,30,,20,,,,,,,5,500,320,400,,,,,,,,
67,fish,ハゼ,,goby,,,,,,2805,,,,,80,,,8,,,,,20,20,,,,,,,20,,,,,1,,150,220,,,,,,,,
68,fish,カジカ,,muddler,,,,,,2806,,,,,80,,,13,,30,,,10,,,,,,30,,,,,,,1,,180,460,,,,,,,,
69,fish,スズキ,,bass,,,,,,2807,,,,,80,,,10,-10,,,,20,,,,,30,,,10,,,,,5,,140,540,,,,,,,,
70,fish,ウニ,,sea urchin,,,,,,2808,,,,"eleCut/80,bane_fairy/50",80,,,8,,40,,30,10,,,,30,,,,,,,,,5,200,420,160,,,,,,throwWeapon,,
71,fish,シロアマダイ,,tilefish,,,,,,2809,,,,,80,,,12,10,,20,,20,,,,20,,,,,,,,,10,,480,620,,,,,,,,
72,fish,キレアジ,,scad,,,,,,2810,,,,,80,,,10,,,20,20,30,,,,,,,,,,,,,10,,220,360,,,,,,,,
73,fish,ハリマグロ,,pintuna,,,,,,2811,,,,,80,,,16,,,30,,20,,,,20,,,,,,,,,10,400,550,850,,,,,,,,
74,fish,アロワナ,,arowana,,,,,,2812,,,,,80,,,8,,,,,20,,,20,20,,,,,,,,,10,600,400,320,,,,,,,,
75,fish,アユ,,sweetfish,,,,,,2813,,,,,80,,,8,,,,,20,20,,,,20,,,,,,,,5,,220,200,,,,,,,,
76,fish,シマアジ,,striped jack,,,,,,2814,,,,,80,,,10,30,,10,,20,,,,,,,,,,,,,15,,380,440,,,,,,,,
77,fish,ブラックバス,,black bass,,,,,,2815,,,,,80,,,42,,,40,,30,,,,30,,,,,,,,,15,,680,1900,,,,,,,,
78,fish,サバ,,mackerel,,,,,,2816,,,,,80,,,12,,,20,,20,,,,,30,,,,,,,,15,,380,580,,,,,,,,
79,fish,キンメダイ,,red bream,,,,,,2817,,,,,80,,,12,,,,,20,,,30,30,,,,,,,,,15,200,760,440,,,,,,,,
80,fish,亀,,turtle,,,,,,2818,,,,food_CHA/30,80,,,10,20,30,,,10,,,,,40,,,,,20,,,1,200,180,120,,,,,,,,
81,fish,カツオ,,bonito,,,,,,2819,,,,,80,,,14,20,,20,,30,,,,,,,,,,,,,15,,400,700,,,,,,,,
82,fish,マグロ,,tuna,,,,,,2820,,,,,80,,,72,20,,30,,20,,,,,,,,,,,,,20,500,840,2700,,,,,,bigFish,,
83,fish,フグ,,blowfish,,,,,,2821,,,,antidote/-50,80,,,10,,,,,10,30,,,20,,,,,30,,,,20,200,1250,260,,,,,,,,
84,fish,ヒラメ,,flatfish,,,,,,2822,,,,,80,,,10,,,20,,10,,,,20,,,,,,20,,,20,,450,500,,,,,,,,
85,fish,イワシ,,sardine,,,,,,2823,,,,,80,,,9,,,,,30,,,,,,10,30,,,,,,5,,150,300,,,,,,,,
86,fish,マダイ,,sea bream,,,,,,2824,,,,,80,,,11,,,,,20,,,30,20,,,,,,,,,20,500,950,400,,,,,,,,
87,fish,サケ,,salmon,,,,,,2825,,,,,80,,,13,40,,,,30,,,,,,,,,,,,,25,500,720,550,,,,,,,,
88,fish,キス,,sand borer,,,,,,2826,,,,,80,,,9,,,,,20,30,,,,,,20,,,,,,25,,560,400,,,,,,,,
89,fish,クジラ,,whale,,,,,,500,render/obj flat,,,,80,,,112,40,,70,,20,,,,40,,,,,,,,,40,50,45000,1200000,,,,,,bigFish,,
90,fish,シーラカンス,,coelacanth,,,,,,501,render/obj flat,,,,80,,,54,,30,20,,10,,,,60,,,,,,,,,35,100,5600,4800,,,,,,bigFish,,
91,fish,深海魚,,deep sea fish,,,,,,502,render/obj flat,,,,80,,,22,,,,,10,30,,,30,,,,,,20,,,30,,2400,1500,,,,,,bigFish,,
92,fish,古代魚,,ancient fish,,,,,,503,render/obj flat,,,,80,,,28,,,,,20,,,,30,,40,,,,30,,,30,200,3800,2400,,,,,,bigFish,,
93,fish,サメ,,shark,,,,,,504,render/obj flat,,,,80,,,80,,,40,,60,,,,40,,,,,,,,,25,100,12000,280000,,,,,,bigFish,,
94,fish,マンボウ,,sunfish,,,,,,505,render/obj flat,,,,80,,,68,,,30,,20,,,,30,,,,,,40,,,25,,1800,9500,,,,,,bigFish,,
95,fish,ムーンフィッシュ,,moonfish,,,,,,506,render/obj flat,,,,80,,,56,,,,,40,,,,30,,,,,,30,,,30,500,4200,14000,,,,,,bigFish,,
fish_slice,fish,切り身,枚,fish,slice,#1の切り身,#1,,,3027,skin/1,,FoodFishSlice,,80,,,6,,,,,,30,,,,,,,,,,,,5,100,10,50,*,chopper,fish,,,noSkinRecipe,,
dough_bread,dough,パン生地,袋,bread dough,sack,,,,,3411,,,,,200,,,10,,,,,,,20,,,,,,,,,,,1,,160,300,,,chunk,,,,,
dough_cake,dough,ケーキ生地,袋,cake dough,sack,,,,,3412,,,,,200,,,15,,,,,,,,,,,,,20,,,,,1,,180,200,,,chunk,,,,,
drug_crim,dough,クリムの粉,握り,crim powder,handful,,,,,3409,,,,nerve/-10,200,,,3,,,,,,,,,,,,,,,,,,6,100,750,100,,,,,drug,drug,,
powder_blue,dough,青い粉,握り,blue powder,handful,,,,,3310,,,,antidote/20,200,,,1,,,,,,,,,,,,,,,,,,1,0,150,50,,,,,drug,drug,,
powder_red,dough,赤い粉,握り,red powder,handful,,,,,3309,,,,blood/20,200,,,1,,,,,,,,,,,,,,,,,,1,0,150,50,,,,,drug,drug,,
powder_purple,dough,紫の粉,握り,purple powder,handful,,,,,3311,,,,nerve/30,200,,,1,,,,,,,,,,,,,,,,,,1,0,150,50,,,,,drug,drug,,
powder_green,dough,緑の粉,握り,green powder,handful,,,,,3313,,,,comfort/20,200,,,1,,,,,,,,,,,,,,,,,,1,0,150,50,,,,,drug,drug,,
powder_bone,dough,骨粉,握り,bone powder,handful,,,,,3308,,,,nerve/10,200,,,1,,,,,,,,,,,,,,,,,,1,0,150,50,,,,,drug,drug,,
neutralizer,drug,中和剤,握り,neutralizer,handful,,,,,3312,,,,,200,,,1,,,,,,,,,,,,,,,,,,1,0,150,50,,,,,drug,drug,,
flour,dough,小麦粉,袋,flour,sack,,,,,512,render/obj flat,,,,200,,,10,,,20,,,,10,,,,,,,,,,,1,,140,300,,,chunk,,,,,
noodle,dough,麺,袋,noodle,pot,,,,,3408,,,,,200,,,14,,,,,,,,,,,40,,,,,,,3,,150,300,,,chunk,,,,,
tempurako,dough,天ぷら粉,袋,tempura flour,sack,,,,,3436,,,,,200,,,14,30,,,,,,,,,,,,,,,,,4,,220,300,,,chunk,,,,,
719,rice,,,,bag,,,,,"3420,3421",,,,,210,,,10,,,,,,,,,,,30,,,,,,,1,,160,400,,,,,,exotic,,
720,rice,,,,bag,,,,,"3422,-3422,3423,-3423",,,,,210,,,10,,,,,,,,,,,30,,,,,,,1,,160,400,,,,,,exotic,,
honey,food_raw,ハチの巣,,honeycomb,,,,,,3403,,,,,300,,,8,,,,,,,20,,,,,,30,,,,,10,,350,200,,,,,,,,
wheat,food_raw,麦,本,wheat,bundle,,,,,3410,,,,,300,,,8,,,,,,,10,,,20,,,,,,,,1,,40,250,,,,straw,,,,
rice_plant,food_raw,稲,本,rice plant,bundle,,,,,3425,,,,,300,,,8,,,,,,,10,,,,20,,,,,,,1,,50,300,,,,straw,,,,
yeast,seasoning,酵母,瓶,yeast,bottle,,,,,3416,sound/glass,,,,310,,,3,,,,,50,,,,,,,,,,,,,5,,60,200,,,,,,,,
jam,seasoning,ジャム,瓶,jam,bottle,,,,,3413,sound/glass,,,,310,,,4,,,,,,,,,,,,,30,,,20,,10,,350,200,,,,,,,,
cheese,seasoning,チーズ,,cheese,block,#1のチーズ,#1 cheese,,,3414,,,,,390,,,12,,30,,20,,,-10,,,,,,,,,,,10,,280,300,,,,,,,,
salt,seasoning,塩,袋,salt,bag,,,,,3417,,,,,400,,,1,,,,,,,,,,,,,,40,,,,1,,200,200,,,,,,,,
sugar,seasoning,砂糖,袋,sugar,bag,,,,,3418,,,,,400,,,2,,,,,,,,,,,,,40,,,,,1,,240,200,,,,,,,,
mayo,seasoning,マヨ,本,mayo,,,,,,3427,,,,,400,,,5,30,,,,,,,,,,,,,,,,,1,,320,200,,,,,sauce,,,
ketchup,seasoning,ケチャップ,本,ketchup,,,,,,3428,,,,food_blood/1,400,,,4,,,,,,,,,,,,,,,30,,,1,,280,200,,,,,sauce,,,
spice,seasoning,香辛料,本,spice,can,,,,,3429,,,,,400,,,2,,,,,,20,,,20,,,,,,,,,5,,400,200,,,,,spice,,,
butter,seasoning,バター,包,butter,box,,,,,3430,,,,,400,,,8,,,,30,,,,,,,,,,,,,,8,,360,200,,,,,,,,
sauce,seasoning,ソース,本,sauce,bottle,,,,,3431,sound/glass,,,,400,,,5,,30,,,,,,,,,,,,,,,,1,,200,200,,,,,sauce,,,
sauce_soy,seasoning,醤油,瓶,soy sauce,bottle,,,,,3432,sound/glass,,,,400,,,1,,,,,,,,,,,,,,,,30,,6,,180,200,,,,,sauce,,,
bonito,seasoning,かつおぶし,,bonito flakes,handful,,,,,3433,,,,,400,,,1,,,,,30,,20,,,,,,,,,,,8,500,80,200,,,,,,,,
wasabi,seasoning,ワサビ,本,wasabi,tube,,,,,3434,,,,,400,,,2,,,,,,,,,,,,,,50,,,,15,200,240,200,,,,,spice,,,
oil_olive,seasoning,オリーブオイル,本,olive oil,bottle,,,,,3435,sound/glass,,,,400,,,3,20,,,,,,10,,,,,,,,,,,1,,260,200,,,,,sauce,,,
oil_chili,seasoning,ラー油,瓶,chili,bottle,,,,,3437,sound/glass,,,,400,,,3,20,,,,,,,20,,,,,,,,,,4,,220,200,,,,,,,,
sesame,seasoning,ごま,,sesame,,,,,,3438,,,,,400,,,2,,,,,,,,,,,,30,,,,,,1,,140,200,,,,,,,,
pepper,seasoning,コショウ,瓶,pepper,bottle,,,,,3439,sound/glass,,,,400,,,2,,,,,,,,,,,,,,30,,,,10,500,360,200,,,,,spice,,,
pepper_black,seasoning,黒コショウ,瓶,black pepper,bottle,,,,,3440,sound/glass,,,,400,,,2,,,,,,,,,40,,,,,40,,,,30,100,750,200,,,,,spice,,,
natto,seasoning,納豆,パック,soybeans,pack,,,,,3441,,,,,400,,,8,,,,20,,,,,,,20,,,,,,,1,,180,200,,,,,,,,
ajinomoto,seasoning,味の友,瓶,glutamine,bottle,,,,,3442,sound/glass,,,,400,,,2,,,,,,,,,,,,,20,,10,,,20,500,320,200,,,,,spice,,,
preservative,seasoning,添加物,,preservative,,,,,,3443,,,,slowDecay/50,400,,,1,,,,,,,,,,-10,,,,,,,,10,,200,200,,,,,,,,
catechin,seasoning,カテキン,缶,catechin,can,,,,,3444,,,,loseWeight/10,400,,,1,,,,,,30,,,,,,,,,,,,5,,260,200,,,,,,,,
protein,seasoning,プロテイン,缶,protein,can,,,,,3445,,,,gainWeight/10,400,,,10,,,30,,,,,,,,,,,,,,,5,,280,200,,,,,,,,
miso,seasoning,ミソ,,miso,box,,,,,3446,,,,,400,,,3,,40,,,,,,,,,,,,,,,,16,500,220,200,,,,,sauce,,,
gelatin,seasoning,ゼラチン,瓶,gelatin,,,,,,3447,,,,,400,,,2,,,,,,,,,,,,,,,30,30,,8,200,250,200,,,,,,,,
pot_honey,seasoning,ハニー,杯,honey,pot,,,,,3402,,,,,400,,,14,,,,,,,,,,,,,,,30,30,,16,200,400,200,,,,,,,,
96,food,パンの盛り合わせ,,assorted bread,,,,,,3500,,,,,800,,,30,,,30,,,,10,,,,,,,,20,,,1,,760,850,,,,,,,,
97,food,野菜の盛り合わせ,,assorted vegetables,,,,,,3501,,,,,800,,,20,,,30,,,,10,,,,,,,,20,,,1,,650,700,,,,,,,,
98,food,フルーツの山,,fruit,pile,,,,,3502,,,,,800,,,20,,,30,,,,10,,,,,,,,20,,,1,,1200,1100,,,,,,,,
672,food,山盛りのパン,,bread,pile,,,,,3503,,,,,800,,,30,,,30,,,,10,,,,,,,,20,,,1,,500,600,,,,,,,,
673,food,山盛りのパン,,bread,pile,,,,,3504,,,,,800,,,30,,,30,,,,10,,,,,,,,20,,,1,,550,650,,,,,,,,
674,food,山盛りのパン,,bread,pile,,,,,3505,,,,,800,,,30,,,30,,,,10,,,,,,,,20,,,1,,600,700,,,,,,,,
675,food,山盛りのパン,,bread,pile,,,,,3506,,,,,800,,,30,,,30,,,,10,,,,,,,,20,,,1,,450,650,,,,,,,,
676,food,山盛りのパン,,bread,pile,,,,,3507,,,,,800,,,30,,,30,,,,10,,,,,,,,20,,,1,,480,600,,,,,,,,
677,food,山盛りのパン,,bread,pile,,,,,3508,,,,,800,,,30,,,30,,,,10,,,,,,,,20,,,1,,520,650,,,,,,,,
731,food,ゲロゲロ,,vomit,,,,,,3510,,,,,800,,,30,,,,,,,-20,,30,-20,,,,,-20,,,1,100,5,200,,,,,garbage,,,
735,dish,宅配ピザ,,take-out pizza,,#1b宅配ピザ,#1b take-out pizza,,,3511,,,,,800,,,40,30,,,,,,30,,,-20,,,,,,,,12,,720,800,,microwave_oven,"dough,+#seasoning,+vegi,+meat,+nuts",,,no_fail,,
crimale2,dish,ルミエスト産『Crim Ale』,本,Lumiest 『Crim Ale』,bottle,,,,,"4906,4907",unique,,LumiestCrimAle,nerve/-10,800,,,40,,30,,,,,40,30,,,,,20,,30,,,12,0,5000,720,,none,,,booze,noHeldDir,ルミエスト産のクリムを使い醸造された、豊潤な甘みと香りを持つクリムエールだ。女神エリンの生誕祭を祝いルミエストで販売される。,"The Crim Ale of Lumiest origin. Produced in small quantities, it captivates with its lush sweetness and alluring aroma."
791,food,スイカ,,watermelon,piece,,,,,"3512,-3512,3514",,,,,800,,,10,,,-10,,,,,,,,,,20,,,,,10,,250,350,,,,,,,,
792,food,メロン,,melon,piece,,,,,3513,,,,,800,,,10,,,-10,,,,30,,,,,,40,,30,,,16,,350,200,,,,,,,,
805,food,アボカド,,avocado,piece,,,,,3515,,,,,800,,,8,,,-10,,,,-20,,30,30,,,,,,,,12,,200,180,,,,,,,,
1082,food,たこ焼き,,takoyaki,pack,,,,,3519,,,,,800,,,32,,,,20,,,,,,,30,,,,,,,25,100,600,400,,,,,,,,
1083,food,フォーチュンクッキー,,fortune cookie,,,,,,3520,,,FortuneCookie,,800,,,4,,,,-10,,,,,30,,,,,,20,20,,5,500,500,100,,,,process,meal_cookie,,,
1125,food,月見団子,,moon dumpling,,,,,,3521,,,,,800,,,22,,,,,,,,30,,,30,,30,,20,,,30,100,400,200,,,,,meal_cookie,,,
dango_moon,food,月見団子,,moon dumpling,,,,,,3539,,,,,800,,,22,,,,,,,,30,,,30,,30,,20,,,30,100,400,200,,,,,meal_cookie,,,
1126,food,ハートチョコ,,heart chocolate,,,,,,3522,,,,,800,,,28,,,,,,,,,,,,,40,,40,,,30,100,1800,350,,,,process,meal_cookie,,,
1127,food,シュトーレン,,stollen,,,,,,3523,,,,,800,,,36,,,,30,,,,,,,,,30,,,,,30,100,1400,500,,,,,meal_cake,,,
1128,food,マカロン,,macaron,,,,,,3524,,,,,800,,,32,,,,,,,,,,-20,,,30,,40,,,30,100,2500,400,,,,process,meal_cookie,,,
wataame,food,わたあめ,,cotton candy,,,,,,3537,,,,,800,,,16,,,,,,40,,,,,,,80,,40,,,40,100,3500,50,,,,process,meal_cookie,,,
ringoame,food,りんご飴,,candied apple,,,,,,3536,,,,,800,,,20,,,,,,,,,,,,,20,,30,90,,45,100,4000,100,,,,process,meal_cookie,,,
bushdenoel,food,ブッシュドノエル,,bush de noel,,,,,,3528,,,,,800,,,30,,,20,30,,,30,,,,,,,,,,,35,100,2800,600,,,,,meal_cake,,,
fried_potato,food,フライドポテト,,fried potato,,,,,,3531,,,,gainWeight/10,800,,,24,50,,,,,,,,,-20,,30,,,20,,,14,500,800,250,,,,,,,,
fried_chicken,food,フライドチキン,,fried chicken,,,,,,3532,,,,gainWeight/10,800,,,39,40,,,40,,,30,,,-30,,40,,,,30,,35,200,1700,900,,,,,,,,
spm,food,雪プチ見だいふく,,snow putit mochi,,,,,,3533,skin/1,,FoodPreparedPackage,food_CHA/40,800,,,20,,,,,,,,,,,30,,40,,60,60,,20,200,2400,100,,,,process,meal_cake,,,
churyu,food,チューリュ,,churyu,,,,,,3449,,,FoodChuryu,purity/10,800,,,3,70,,,,,,80,,,,,,20,,,,,20,100,2000,100,,,,process,meal_cake,,ちゅ～りゅちゅ～りゅちゅりゅちゅ～りゅ♪,Churyu churyu chuchu chuu~ryu♪
setsubun_beans,food,豆,,beans,box,,,,,3535,,,,"throwReturn/1,bane_fairy/100",800,,,5,,,,30,,,,,,,,,,,,,,8,100,500,200,,,,,,throwWeapon,,
ration_basic,food,キブル,,kibble,,,,,,3525,,,,,800,,,32,,,,10,,,,,,,10,,,,,,,10,100,450,200,,,,process,preserved,,,
kagamimochi,food,鏡餅,,round rice cake,,,,,,3527,,,,,800,,,20,,,,40,,,,,,,50,,,,,,,25,10,1600,200,,,,process,preserved,,,
mochi,food,餅,,rice cake,,,,,,3916,,,,,800,,,20,,,,,,,,,,,40,,,,20,,,20,10,1200,200,,,,process,preserved,,,
sack,food,サック,,sack,,,,,,"3406,-3406,3407,-3407",,,,,800,,,10,-10,,20,20,,,,,,,,,,,,,,1,,180,600,,,,,preserved,,,
jerky,food,ジャーキー,,jerky,,#1ジャーキー,#1 jerky,,,3415,,,,,800,,,18,20,20,,10,-10,,,,,,30,,,,,,,1,,380,300,,,,,preserved,,,
rottenFood,food,腐った生もの,,rotten raw food,,,,,,3400,,,,,800,,,10,,,,,-20,,-20,,,-20,,-20,,,-10,,,1,,2,400,,,,,,,,
_dish_lunch,dish_lunch,弁当,,lunch box,,,,,,,,,,,850,,,32,,,30,,,,30,,,,,,,,40,,,15,100,4200,2400,,,,,,,,
wedding_cake1,furnitureL,ウェディングケーキ,,wedding cake,,,,,,2618,skin/1,,,,850,,,32,,,30,,,,30,,,,,,,,40,,,15,0,4200,2400,,,,cream,,,,
fail_dish,dish,失敗作,,failed dish,,,,,,3509,,fixed,,,3509,,,10,-10,,,,,,-10,,,-10,,,-30,,,,,,100,0,400,,x,,meat,,dish_fail,,
110,dish,こんがり肉,,meat on the bone,,#1のこんがり肉,#1 on the bone,,,3600,,fixed,,,3600,,,,30,,,,,,,,,,,,,,,,,1,,150,400,*,bonfire,meat,,meal_meat,craft_bonus/roasted/20,,
100,dish,ローストミート,,meat roast,,#1のローストミート,#1 roast,,,3601,,fixed,,,3601,,,,30,,,,,,,,,,,,,,,,,5,,350,400,,bbq,"meat,vegi",,meal_meat,,,
511,dish,丸焼き,,whole roasted meat,,#1の丸焼き,whole roasted #1,,,3602,,fixed,,,3602,,,,30,,,,,,,,,,,,,,,,,20,,1100,400,,bbq,"meat,meat,#seasoning,+nuts",,meal_meat,,,
106,dish,コロッケ,,croquette,,#1コロッケ,#1 croquette,,,3603,,fixed,,,3603,,,,30,,,,,,,,,,,,,,,,,32,,1700,400,,stove,"meat,vegi,tempurako,#sauce,+#seasoning",,meal_meat,,,
678,dish,大葉焼き,,grilled meat with shiso leaves,,#1の大葉焼き,grilled #1 with shiso leaves,,,3604,,fixed,,,3604,,,,30,,,,,,,,,,,,,,,,,25,,1350,400,,bbq,"meat,nuts,vegi,+#seasoning",,meal_meat,,,
510,dish,ピリ辛炒め,,spicy stir-fry,,#1のピリ辛炒め,spicy #1 stir-fry,,,3605,,fixed,,,3605,,,,30,,,,,,,,,,,,,,,,,12,,700,400,,stove,"meat,#spice,+vegi",,meal_meat,,,
bloodpack,dish,輸血パック,個,blood pack,,#1の輸血パック,blood pack of #1,,,3654,,fixed,,food_blood/10,3652,,,,,,,,,,,30,,30,,,,,,,,5,0,350,400,,mixer,"meat,+#seasoning,+vegi",blood,meal_soup,craft_bonus/food_blood/10,,
bloodsample,dish,血液,本,blood,,#1の血液,blood of #1,,,3655,,fixed,BloodSample,food_blood/-10,3652,,,,,,,,,,,,,,,,,,,,,1,0,10,10,,x,,blood,meal_soup,,,
lunch_dystopia,dish,ディストピア飯,,dystopia food,,#1トピア飯,#1topia food,,,3608,,fixed,,,3605,,,,30,,,,,,,,,,,,,,,,,29,,1550,400,,microwave_oven,"meat,+fish,+vegi,+fruit,+seasoning",,meal_lunch,,,
lunch_love,dish,愛の弁当,,love fueled lunch box,,#1が愛を込めて作った弁当,#1’s love fueled lunch box,弁当,lunch box,3609,,fixed,LunchLove,,3605,,,,,,,,,,,,,,,,,,30,,,50,0,2600,400,,x,"meat,#spice,+vegi",,meal_lunch,,,
lunch_sister,dish,妹が愛を込めて作ったお弁当,,younger sister's love fueled lunch1 box,,,,弁当,lunch box,3610,,,LunchLove,,3605,,,,,,,250,,,,,,,,,,,120,,,100,0,30000,400,,x,"meat,#spice,+vegi",,meal_lunch,unique,,
soup_dark,dish,闇のスープ,,dark soup,,,,スープ,soup,3838,,,MixedFood,,3835,,,,,,,,,,,,,,,,,,,,,30,0,1000,400,,x,"vegi,#seasoning",,meal_soup,,,
fail_meat,dish,グロテスクな肉,,grotesque meat,,,,,,3607,,fixed,,,3607,,,10,-30,,,,,,-10,,,-10,,,-30,,,,,,100,0,400,,x,meat,meat,,dish_fail,,
109,dish,魚の串焼き,,grilled fish,skewer,#1の串焼き,grilled #1,,,3616,,fixed,,,3616,,,,,,,,30,,,,,,,,,,,,,1,,150,400,*,bonfire,fish,,meal_fish,craft_bonus/roasted/20,,
102,dish,魚のソテー,,sauteed fish,,#1のソテー,sauteed #1,,,3617,,fixed,,,3617,,,,,,,,30,,,,,,,,,,,,,5,,350,400,,stove,"fish,#sauce,+vegi",,meal_fish,,,
683,dish,てんぷら,,tempura,,#1のてんぷら,#1 tempura,,,3618,,,,,3618,,,,,,,,30,,,,,,,,,,,,,24,,1300,400,,bbq,"fish,vegi,tempurako,+nuts",,meal_fish,exotic,,
684,dish,刺し身,,sashimi,,#1の刺し身,#1 sashimi,,,3619,,fixed,,,3619,,,,,,,,30,,,,,,,,,,,,,12,,700,400,,chopper,"fish,#sauce,+fish",,meal_fish,exotic,,
685,dish,活け造り,,live sashimi,,#1の活け造り,live #1 sashimi,,,3620,,fixed,,,3620,,,,,,,,30,,,,,,,,,,,,,32,,1700,400,,chopper,"fish,vegi,+fish,+#herb",,meal_fish,,,
686,dish,魚のフライ,,fried fish,,#1のフライ,fried #1,,,3621,,,,,3621,,,,,,,,30,,,,,,,,,,,,,18,,1000,400,,bbq,"fish,tempurako,+#seasoning",,meal_fish,,,
737,dish,おせち料理,,holiday meal,,#1のおせち料理,holiday #1 meal,,,3622,,,,,3622,,,,,,,,30,,,,,,,,,,,,,50,,2600,400,,stove,"fish,vegi,meat,egg,+#seasoning",,meal_fish,,,
1135,dish,寿司,,sushi,,#1の寿司,#1 sushi,,,3623,,,,,3623,,,,,,,,30,,,,,,,,,,,,,40,,2100,400,,chopper,"fish,rice,vegi,#sauce,+#spice",,meal_fish,exotic,,
fail_fish,dish,魚の残骸,,fish remnants,,,,,,3624,,fixed,,,3624,,,10,,,,,-30,,-10,,,-10,,,-30,,,,,,100,0,400,,x,fish,meat,,dish_fail,,
yakiimo,dish,石焼きイーモ,,stone roasted sweet imo,,石焼きイーモ,stone roasted sweet imo,,,3900,,,,,3632,,,,,,,,,,,,,,,,,,20,,,3,,400,400,*,bonfire,"potato|784,stone/2",,meal_vegi,craft_bonus/CHA/20,,
512,dish,サラダ,,salad,,#1サラダ,#1 salad,,,3632,,,,,3632,,,,,,,,,,,,30,,,,,,,,,14,,800,400,,chopper,"vegi,fruit,#seasoning,+nuts",,meal_vegi,,,
101,dish,野菜のみそ漬け,,pickled vegetable,,#1のみそ漬け,pickled #1,,,3633,,fixed,,,3633,,,,,,,,,,,,30,,,,,,,,,8,,500,400,,chopper,"vegi,#sauce",,meal_vegi,,,
108,dish,野菜の煮込み,,stewed vegetable,,#1の煮込み,stewed #1,,,3634,,,,,3634,,,,,,,,,,,,30,,,,,,,,,20,,1100,400,,camppot,"vegi,vegi,+vegi,+meat",,meal_vegi,,,
107,dish,シーザーサラダ,,caesar salad,,#1のシーザーサラダ,#1 caesar salad,,,3636,,,,,3636,,,,,,,,,,,,30,,,,,,,,,36,,1900,400,,chopper,"vegi,vegi,nuts,egg,#sauce",,meal_vegi,,,
663,dish,ミニサラダ,,mini salad,,#1のミニサラダ,mini #1 salad,,,3637,,,,,3637,,,,,,,,,,,,30,,,,,,,,,1,,150,400,*,chopper,vegi,,meal_vegi,,,
664,dish,野菜の炒め物,,stir fried vegetable,,#1の炒め物,stir fried #1,,,3638,,,,,3638,,,,,,,,,,,,30,,,,,,,,,24,,1300,400,,stove,"vegi,meat,#seasoning",,meal_vegi,,,
fail_vegi,dish,べっちょりした野菜,,soggy vegetable,,,,,,3639,,fixed,,,3639,,,10,,,,,,,-10,,-30,-10,,,-30,,,,,,100,0,400,,x,vegi,meat,,dish_fail,,
103,dish,焼き果物,,roasted fruit,,焼き#1,roasted #1,,,3648,,fixed,,,3648,,,,,,,,,,,,,,,,,,30,,,1,,150,400,*,bonfire,fruit,,meal_fruit,craft_bonus/MAG/10,,
509,dish,果物の盛り合わせ,,assorted fruit,,#1の盛り合わせ,assorted #1,,,3649,,fixed,,,3649,,,,,,,,,,,,,,,,,,30,,,4,,300,400,,chopper,"fruit,fruit",,meal_fruit,,,
680,dish,ゼリー,,jelly,,#1ゼリー,#1 jelly,,,3650,,,,,3650,,,,,,,,,,,,,,,,,,30,,,23,,1250,400,,mixer,"fruit,gelatin,#seasoning",,meal_fruit,,,
682,dish,クレープ,,crepe,,#1クレープ,#1 crepe,,,3651,,,,,3651,,,,,,,,,,,,,,,,,,30,,,34,,1800,400,,oven,"fruit,egg,dough_cake,#seasoning,+vegi",,meal_fruit,,,
711,dish,シャーベット,,sherbet,,#1シャーベット,#1 sherbet,,,3652,,,,,3652,,,,,,,,,,,,,,,,,,30,,,11,,650,400,,mixer,"fruit,#seasoning,+egg",,meal_fruit,,,
712,dish,王様パフェ,,king parfait,,王様#1パフェ,king #1 parfait,,,3653,,fixed,,,3653,,,,,,,,,,,,,,,,,,30,,,44,,2300,400,,mixer,"fruit,fruit,nuts,dough_cake,#seasoning",,meal_fruit,,,
fail_fruit,dish,ぐっちょりしたデザート,,mushy dessert,,,,,,3657,,fixed,,,3657,,,10,,,,,,,-10,,,-10,,-30,-30,,-30,,,,100,0,400,,x,fruit,meat,,dish_fail,,
514,dish,ショートケーキ,,shortcake,,#1のショートケーキ,#1 shortcake,,,3701,,,,,3701,,,,,,,,,,,,,,,,30,,,,,12,,700,400,,oven,"fruit,dough_cake,#seasoning",,meal_cake,,,
515,dish,ティラミス,,tiramisu,,#1のティラミス,#1 tiramisu,,,3702,,,,,3702,,,,,,,,,,,,,,,,30,,,,,26,,1400,400,,oven,"nuts,dough_cake,#seasoning,+fruit",,meal_cake,,,
516,dish,カラメルケーキ,,caramel cake,,#1のカラメルケーキ,caramel #1 cake,,,3703,,,,,3703,,,,,,,,,,,,,,,,30,,,,,19,,1050,400,,oven,"fruit,gelatin,dough_cake,#seasoning,+egg",,meal_cake,,,
105,dish,ムース,,mousse,,#1ムース,#1 mousse,,,3704,,,,,3704,,,,,,,,,,,,,,,,30,,,,,1,,150,400,*,mixer,"fruit,gelatin|milk",,meal_cake,,,
661,dish,巨大ショートケーキ,,giant shortcake,,巨大#1ショートケーキ,giant #1 shortcake,,,3705,,,,,3705,,,,,,,,,,,,,,,,30,,,,,36,,1900,400,,oven,"fruit,fruit,dough_cake,dough_cake,#seasoning",,meal_cake,,,
cake_festival,dish,デラックス雪プチケーキ,,delux snow putit cake,,デラックス雪プチ#1ケーキ,delux snow putit #1 cake,,,3706,,,,,3706,,,,,,50,30,,,,,,,,,50,,50,50,,55,20,2850,400,,oven,"fruit,#milk,gelatin,dough_cake,#seasoning",,meal_cake,hiddenRecipe,,
fail_dough_cake,dish,愚かなケーキ,,foolish cake,,,,,,3707,,,,,3707,,,10,,,,,,,-10,,,-10,,-30,-30,,,,,,100,0,400,,x,dough_cake,meat,,dish_fail,,
660,dish,食パン,,white bread,,#1の食パン,#1 white bread,,,3716,,,,,3716,,,,,,,,,,,,,,30,,,,,,,4,,300,400,,oven,"dough_bread,#seasoning,+egg",,meal_bread,,,
665,dish,スティックパン,,breadstick,,#1のスティックパン,#1 breadstick,,,3717,,,,,3717,,,,,,,,,,,,,,30,,,,,,,10,,600,400,,oven,"nuts,dough_bread,#seasoning,+vegi",,meal_bread,,,
666,dish,パン,,bread,,#1パン,#1 bread,,,3718,,,,,3718,,,,,,,,,,,,,,30,,,,,,,1,,150,400,*,oven,"dough,+cheese",,meal_bread,,,
671,dish,ふかふかパン,,soft and fluffy bread,,ふかふか#1パン,soft and fluffy #1 bread,,,3719,,,,,3719,,,,,,,,,,,,,,30,,,,,,,18,,1000,400,,oven,"nuts,dough,dough,+#seasoning,+cheese",,meal_bread,,,
679,dish,シュークリーム,,cream puff,,#1シュークリーム,#1 cream puff,,,3720,,,,,3720,,,,,,,,,,,,,,30,,,,,,,24,,1300,400,,oven,"nuts,fruit,dough,#seasoning",,meal_bread,,,
681,dish,パイ,,pie,,#1bッパイ,#1b pie,,,3721,,,,,3721,,,,,,,,,,,,,,30,,,,,,,31,,1650,400,,oven,"nuts,fruit,dough,#seasoning,+fruit",,meal_bread,,,
pie_meat,dish,ミートパイ,,meat pie,,#1bミートパイ,#1b meat pie,,,"3725,3726",,,,,3721,,,,,,,,,,,,,,30,,,,,,,36,,1900,400,,oven,"nuts,meat,dough,#seasoning,+meat",,meal_bread,noHeldDir,,
pie_fish,dish,スターゲイジーパイ,,star gazy pie,,#1bゲイジーパイ,#1b gazy pie,,,3727,,,,,3721,,,,,,,,,,,,,,30,,,,,,,36,,1900,400,,oven,"nuts,fish,dough,#seasoning,+fish",,meal_bread,,,
734,dish,ピザ,,pizza,,#1bピザ,#1b pizza,,,3722,,,,,3722,,,,,,,,,,,,,,30,,,,,,,42,,2200,400,,oven,"dough,+#seasoning,+vegi,+meat,+nuts",,meal_bread,,,
burger,dish,バーガー,,burger,,#1bバーガー,#1b burger,,,3723,,,,,3723,,,,,,,,,,,,,,30,,,,,,,45,,2350,400,,oven,"dough,meat|fish,#seasoning,cheese,+vegi",,meal_bread,,,
fail_dough_bread,dish,焦げたパン,,burnt bread,,,,,,3724,,,,,3724,,,10,,,,,,,-10,,,-10,-30,,-30,,,,,,100,0,400,,x,"nuts,dough_bread,#seasoning",meat,,dish_fail,,
695,dish,クッキー,,cookie,,#1クッキー,#1 cookie,,,3732,,,,,3732,,,,,,,,,,,,,,,,30,,,,,1,,150,400,*,oven,"nuts,dough,+#seasoning",,meal_cookie,,,
710,dish,饅頭,,manju,,#1饅頭,#1 manju,,,3733,,,,,3733,,,,,,,,,,,,,,,,30,,,,,18,,1000,400,,oven,"nuts,dough,#seasoning,+meat,+fruit",,meal_cookie,,,
bun,dish,肉まん,,meat bun,,#1まん,#1 bun,,,3734,,,,,3733,,,,,,,,,,,,,,,,30,,,,,23,,1250,400,,oven,"dough,meat,vegi,#seasoning,+dattamono",,meal_cookie,,,
mancookie,dish,ジンジャーブレッドマン,,ginger bread man,,ジンジャー#1bマン,ginger #1b man,,,3530,,,,,3732,,,,,,,,,,,,,,,,,,30,,,30,,1600,400,,oven,"nuts,dough,egg,+#seasoning",,meal_cookie,hiddenRecipe,,
fail_nuts,dish,めんどくさいクッキー,,awkward cookie,,,,,,3739,,,,,3739,,,10,,,,,,,-10,,,-10,,,-30,,-10,,,,100,0,400,,x,nuts,meat,,dish_fail,,
513,dish,ミニラーメン,,instant ramen,,ミニ#1ラーメン,instant #1 ramen,,,3748,,,,,3748,,,,,,,,,,,,,,30,,,,,,,1,,150,400,*,cauldron,"noodle,+#seasoning",,meal_noodle,,,
687,dish,月見うどん,,tsukimi udon,,月見#1うどん,tsukimi #1 udon,,,3749,,,,,3749,,,,,,,,,,,,,,30,,,,,,,36,,1900,400,,cauldron,"noodle,egg,#seasoning,+meat,+vegi",,meal_noodle,exotic,,
689,dish,ミートスパゲティ,,spaghetti with meat sauce,,#1ミートスパゲティ,spagetti with #1 meat sauce,,,3750,,,,,3750,,,,,,,,,,,,,,30,,,,,,,28,,1500,400,,stove,"noodle,meat,#sauce",,meal_noodle,,,
691,dish,ペペロンチーノ,,garlic spaghetti,,#1のペペロンチーノ,garlic #1 spaghetti,,,3752,,,,,3752,,,,,,,,,,,,,,30,,,,,,,24,,1350,400,,stove,"noodle,vegi,#sauce,#spice",,meal_noodle,,,
707,dish,カルボナーラ,,carbonara,,#1のカルボナーラ,#1 carbonara,,,3753,,,,,3753,,,,,,,,,,,,,,30,,,,,,,18,,1000,400,,stove,"noodle,cheese,#sauce",,meal_noodle,,,
708,dish,サラダパスタ,,pasta salad,,#1サラダパスタ,#1 pasta salad,,,3754,,,,,3754,,,,,,,,,,,,,,30,,,,,,,7,,450,400,,stove,"noodle,vegi,+#seasoning",,meal_noodle,,,
709,dish,ラーメン,,ramen,,#1ラーメン,#1 ramen,,,3756,,,,,3756,,,,,,,,,,,,,,30,,,,,,,46,,2400,400,,cauldron,"noodle,#seasoning,+meat,+vegi,+fish",,meal_noodle,,,
fail_noodle,dish,のびてふにゃった麺,,stretchy and squishy noodle,,,,,,3757,,,,,3757,,,10,,,,,,,-10,,,-10,-30,,-30,,,,,,100,0,400,,x,noodle,meat,,dish_fail,,
yudetamago,dish,ゆで卵,,boiled egg,,#1bのゆで卵,boiled #1,,,3902,,fixed,,,3800,,,,,,,10,,,,,,,,,,,,,,4,,300,200,*,bonfire,egg,,meal_egg,craft_bonus/sustain_END/10,,
onsentamago,dish,温泉卵,,hot spring egg,,#1bの温泉卵,hot spring #1,,,3903,,fixed,,,3801,,,,,,,,30,,,,,,,,,,,,,8,,500,200,*,microwave_oven,"egg,+#seasoning",,meal_egg,craft_bonus/DEX/30,,
104,dish,目玉焼き,,fried egg,,#1の目玉焼き,fried #1,,,3800,,fixed,,,3800,,,,,,,,,,,,30,,,,,,,,,1,,150,400,*,stove,egg,,meal_egg,,,
662,dish,オムレツ,,omelette,,#1bのオムレツ,#1b omelette,,,3801,,fixed,,,3801,,,,,,,,,,,,30,,,,,,,,,8,,500,400,,stove,"egg,#sauce,+#seasoning",,meal_egg,,,
517,dish,プリン,,flan,,#1bプリン,#1b flan,,,3802,,,,,3802,,,,,,,,,,,,30,,,,,,,,,23,,1250,400,,mixer,"egg,gelatin|milk,#seasoning",,meal_egg,,,
736,dish,お子様ランチ,,kid's lunch,,お子様の#1bランチ,kid's #1b lunch,,,3803,,,,,3803,,,,,,,,,,,,30,,,,,,,,,35,,1850,400,,stove,"egg,rice,fruit,#seasoning,+cheese",,meal_egg,,,
fail_egg,dish,行き場のない目玉焼き,,unwanted fried egg,,,,,,3807,,fixed,,,3807,,,10,,,,,,,-10,,-30,-10,,,-30,,,,,,100,0,400,,x,egg,meat,,dish_fail,,
692,dish,ご飯,,cooked rice,,#1ご飯,#1 rice,,,3816,,,,,3816,,,,,,30,,,,,,,,,,,,,,,1,,150,400,*,stove,"rice,+#seasoning",,meal_rice,,,
693,dish,カレー,,curry,,#1カレー,#1 curry,,,3817,,,,,3817,,,,,,30,,,,,,,,,,,,,,,30,,1600,400,,stove,"rice,meat|fish,vegi|nuts,#spice,+#seasoning",,meal_rice,,,
694,dish,丼,,rice bowl,,#1丼,#1 bowl,,,3818,,,,,3818,,,,,,30,,,,,,,,,,,,,,,22,,1200,400,,cauldron,"rice,egg,#seasoning,+meat|fish,+vegi",,meal_rice,exotic,,
bibimbap,dish,石焼きビビンバ,,stone-grilled bibimbap,,石焼き#1ビビンバ,stone-grilled #1 bibimbap,,,3820,,,,,3817,,,,,,30,,,,,,,,,,,,,,,41,,2150,400,,camppot,"rice,vegi|meat,vegi|meat|egg,#spice,+#seasoning",,meal_rice,,,
702,dish,おむすび,,onigiri,,#1おむすび,#1 onigiri,,,3819,,,,,3819,,,,,,30,,,,,,,,,,,,,,,11,,650,400,,chopper,"rice,+#seasoning,+fish,+meat",,meal_rice,exotic,,
fail_rice,dish,不穏なご飯,,disturbing rice,,,,,,3824,,,,,3824,,,,,,-30,,,,-10,,,-10,,,,,,,,,100,0,400,,x,rice,meat,,dish_fail,,
zassouni,dish,雑草煮,,weed stew,,雑草煮,weed stew,,,3901,,,,,3832,,,,,,,,,,10,,,,,,,,,,,2,,350,400,*,bonfire,"grass/5|pasture,+#herb",,meal_soup,craft_bonus/PER/10,,
703,dish,カスエラ,,cazuela,,#1のカスエラ,#1 cazuela,,,3832,,fixed,,,3832,,,,,,,,,,30,,,,,,,,,,,21,,1150,400,,cauldron,"fish,#seasoning,+vegi",,meal_soup,,,
704,dish,ポタージュ,,potage,,#1ポタージュ,#1 potage,,,3833,,,,,3833,,,,,,,,,,30,,,,,,,,,,,6,,400,400,,camppot,"vegi,#seasoning",,meal_soup,,,
705,dish,すき焼き,,sukiyaki,,#1のすき焼き,#1 sukiyaki,,,3834,,fixed,,,3834,,,,,,,,,,30,,,,,,,,,,,35,,1850,400,,cauldron,"meat,vegi,#seasoning,+egg,+noodle",,meal_soup,exotic,,
706,dish,シチュー,,stew,,#1シチュー,#1 stew,,,3835,,,,,3835,,,,,,,,,,30,,,,,,,,,,,12,,700,400,,camppot,"meat,#seasoning,+rice",,meal_soup,,,
cream_stew,dish,クリームシチュー,,cream stew,,#1のクリームシチュー,#1 cream stew,,,3837,,fixed,,,3835,,,,,,,,,,30,,,,,,,,,,,16,,1000,400,,camppot,"#milk,meat,vegi,vegi",,meal_soup,notHumanMeat,,
dish_soup,dish,野菜のスープ,,vegetable soup,,#1スープ,#1 soup,,,3836,,,,,3836,,,,,,,,,,30,,,,,,,,,,,1,,150,400,*,camppot,vegi,,meal_soup,,,
fail_drink,dish,やっかいな汁,,troublesome soup,,,,,,3839,,,,,3839,,,10,,-10,,,,,-30,,,-10,,,-30,,,,,,100,0,400,,x,vegi,meat,,dish_fail,,
