id,_origin,name_JP,unit_JP,name,unit,tiles,skins,parse,vals,sort,trait,LV,chance,value,weight,recipeKey,factory,components,defMat,category,tag,detail_JP,detail
string,string,string,string,string,string,int[],int[],string[],string[],,string[],int,int,int,int,string[],string[],string[],string,string,string[],string,string
1312,,,,,,,,,,,,0,-1,-1,-1,,,,,,,,
1096,book,,,,,,,,,book,,,,,,,,,,,,,
rp_random,rp,,,,,,,,,book,,,,,,,,,,,,,
rp_food,rp,料理のレシピ,,food recipe,,1920,,,,book,"RecipeCat,food",,0,3000,,,,,,,,,
rp_weapon,rp,武器のレシピ,,weapon recipe,,1920,,,,book,"RecipeCat,weapon",,0,3000,,,,,,,,,
rp_armor,rp,防具のレシピ,,armor recipe,,1920,,,,book,"RecipeCat,armor",,0,3000,,,,,,,,,
rp_block,rp,建築のレシピ,,block recipe,,1920,,,,book,"RecipeCat,block",,0,3000,,,,,,,,,
983,letter_note,,,,,,,,,book,,,,,,,,,,,,,
984,letter_note,,,,,1815,,,,book,,,,,,,,,,,,,
372,spellbook,魔法書,,magic,spellbook,,,,,book,SpellbookRandom,,10000,,,,,,,,,,
1174,scroll,援軍の巻物,,ally,scroll,,,,"effect,Ally,100",book_scroll,ScrollStatic,15,50,20000,,,,,,,,,
1282,scroll,すくつ帰還の巻物,,void return,scroll,,,unique,"effect,ReturnVoid,100",book_scroll,ScrollStatic,100,10,40000,,,,,,,,,
1276,scroll,《リトルシスターの大移動》の巻物,,《Great Little Sister Migration》,scroll,,,,"effect,LittleSisterMigration,100",book_scroll,ScrollStatic,20,0,30000,,,,,,,noWish,大量のリトルシスターを旅立たせるための巻物だ。リトルガーデンのリトルシスターの半数がいなくなり、影響力が上昇する。,"A scroll that sends off a great number of Little Sisters. Half of the Little Sisters in the Little Garden will vanish, and your influence increases."
1085,scroll,免罪符,,indulgence,letter,2640,,,,book_scroll,Indulgence,35,5,25000,,,,,,,,,
scroll_random,scroll,巻物,,magic,scroll,,,,,book_scroll,ScrollRandom,1,20000,1800,,,,,,,,,
13,casket,,,,,3200,,,,container,,,,1000,,,,"plank/1,glass/2,nail/1",,,,,
14,casket,,,,,3201,,,,container,,,,1000,,,,"plank/1,glass/2,nail/1",,,,,
crimAle,drink,クリムエール,,crim ale,,2200,,,,drink,"Drink,Booze,100",1,,220,,,,,,booze,neg,庶民から貴族まで、みんなに愛されているお酒だ。,"A bottle of ale loved by everyone, from the common people to the aristocracy."
48,drink,ワイン,,wine,,2201,,,,drink,"Drink,Booze,100",1,,550,,,,,,booze,neg,,
49,drink,液体,,liquid,,2202,,,,drink,Drink,1,,150,,,,,,,,,
50,drink,お酒,,ale,,2203,,,,drink,"Drink,Booze,100",1,,300,,,,,,booze,neg,,
51,drink,お酒,,ale,,2204,,,,drink,"Drink,Booze,100",1,,310,,,,,,booze,neg,,
52,drink,お酒,,ale,,2205,,,,drink,"Drink,Booze,100",1,,320,,,,,,booze,neg,,
53,drink,クリムエール,,crim ale,,2206,,,,drink,"Drink,Booze,100",1,,180,,,,,,booze,neg,,
54,drink,ビア,,beer,,2207,,,,drink,"Drink,Booze,100",1,,150,,,,,,booze,neg,,
55,drink,お酒,,ale,,2208,,,,drink,"Drink,Booze,100",1,,330,,,,,,booze,neg,,
56,drink,お酒,,ale,,2209,,,,drink,"Drink,Booze,100",1,,340,,,,,,booze,neg,,
57,drink,お酒,,ale,,2210,,,,drink,"Drink,Booze,100",1,,330,,,,,,booze,neg,,
58,drink,ビア,杯,beer,jug,2211,,,,drink,"Drink,Booze,100",1,,200,,,,,,booze,neg,,
59,drink,ビン,,liquid,jar,2212,,,,drink,Drink,1,,100,,,,,,,,,
501,drink,お酒,,ale,,2213,,,,drink,"Drink,Booze,100",1,,310,,,,,,booze,neg,,
502,drink,お酒,,ale,,2214,,,,drink,"Drink,Booze,100",1,,320,,,,,,booze,neg,,
503,drink,お茶,杯,tea,cup,2215,,,,drink,Drink,1,,200,,,,,,,exotic,,
504,drink,缶ジュース,,soft drink,can,2216,,,,drink,Drink,1,,100,,,,,,,,,
505,drink,缶ジュース,,soft drink,can,2217,,,,drink,Drink,1,,100,,,,,,,,,
506,drink,お酒,,ale,,2218,,,,drink,"Drink,Booze,100",1,,310,,,,,,booze,neg,,
507,drink,お酒,,ale,,2219,,,,drink,"Drink,Booze,100",1,,320,,,,,,booze,neg,,
508,drink,牛乳,,milk,,2220,,,,drink,DrinkMilk,1,,250,,,,,,milk,,,
718,drink,コフィ,杯,coffee,cup,2221,,ele/stimulant/10,,drink,DrinkMilk,6,,380,,*,espresso_machine,"coffee_bean/2,+milk|778,+sugar|pot_honey",,milk,craft_bonus/slowDecay/50,,
cappuccino,drink,カプチーノ,杯,cappuccino,cup,2231,,"ele/recharge/10,ele/stimulant/10",,drink,DrinkMilk,12,,500,,*,espresso_machine,"coffee_bean/2,milk/2|778,sugar|pot_honey",,milk,"craft_bonus/recharge/10,craft_bonus/slowDecay/50",,
espresso,drink,エスプレッソ,杯,espresso,cup,2232,,"ele/recharge/20,ele/stimulant/10",,drink,DrinkMilk,25,,500,,,espresso_machine,"coffee_bean/5,milk/2|778,sugar|pot_honey",,milk,"craft_bonus/recharge/20,craft_bonus/slowDecay/50",,
hot_cocoa,drink,ホットココア,杯,hot cocoa,cup,2233,,ele/nerve/20,,drink,DrinkMilk,16,,400,,,espresso_machine,"790/2,milk/2|778,sugar|pot_honey,+#herb",,milk,"craft_bonus/nerve/20,craft_bonus/slowDecay/50",,
732,drink,ワイン,杯,wine,glass,2222,,,,drink,"Drink,Booze,100",1,,520,,,,,,booze,neg,,
733,drink,カクテル,杯,cocktail,glass,2223,,,,drink,"Drink,Booze,100",1,,440,,,,,,booze,neg,,
776,drink,お酒,,ale,,2224,,,,drink,"Drink,Booze,100",1,,320,,,,,,booze,neg,,
777,drink,お酒,,ale,,2225,,,,drink,"Drink,Booze,100",1,,310,,,,,,booze,neg,,
778,drink,牛乳,,milk,,2226,,,,drink,DrinkMilk,1,,290,,,espresso_machine,milk,,milk,,,
789,drink,ココナッツジュース,杯,coconut juice,bowl,2227,,,,drink,DrinkMilk,1,,460,,,,,,milk,,,
840,drink,お酒,,ale,,2228,,,,drink,"Drink,Booze,100",1,,310,,,,,,booze,neg,,
1081,drink,ラムネ,,ramune,,2229,,"ele/recharge/50,ele/purity/5",,drink,"Drink,DrinkRamune",30,10,2400,,,,,,booze,neg,,
1134,drink,酒,,sake,,2230,,,,drink,"Drink,Booze,500",10,,3500,,,,,,booze,"neg,exotic",,
1165,potion,エーテル抗体のポーション,,ether antibody ,potion,,,,,drink_potion,"Potion,CureCorruption,100",30,5,100000,,,,,,,,,
1163,potion,魔法のポーション,,magic potion,potion,,,,,drink_potion,PotionRandom,1,20000,300,,,,,,,,,
330,potion,盲目のポーション,,blindness,potion,,,,,drink_potion,"Potion,Blind,100",1,,180,,,,,,,"neg,drug",,
331,potion,混乱のポーション,,confusion,potion,,,,,drink_potion,"Potion,Confuse,100",1,,160,,,,,,,"neg,drug",,
334,drug,睡眠剤,,sleeping pill,,,,,,drink_potion,"Potion,Sleep,200",1,200,890,,*,tool_alchemy,"potion_empty,#herb,+neutralizer",,,,,
1263,potion,若返りのエリクシル,,youth,elixir,4904,,,,drink_potion,"Potion,Youth,200",32,0,6800,,,tool_alchemy,"mercury,928,789,crystal_mana",soil_blue,,noShop,飲むと若返る薬だ。,An elixir that makes you younger when you drink it.
1264,potion,不老長寿のエリクシル,,eternal youth,elixir,4905,,unique,,drink_potion,"Potion,EternalYouth,200",45,0,39000,,,tool_alchemy,"334,1253,1254,1263",soil_blue,,noShop,永遠に年をとらなくなるとされる幻の薬だ。,A mythical elixir said to halt aging forever.
335,potion,麻痺のポーション,,paralysis,potion,,,,,drink_potion,"Potion,Paralyze,100",1,,550,,,,,,,"neg,drug",,
lovepotion,potion,媚薬,,love potion,,,,,,drink_potion,"PotionLove,Love,100",10,100,6000,,,,,,,"neg,drug",,
336,potion,毒薬,,poison,,,,,,drink_potion,"Potion,Poison,200",1,,450,,*,tool_alchemy,"potion_empty,offal,needle|nail,+neutralizer",,,"neg,drug",,
338,potion,耐酸性コーティング液,,acidproof liquid,,,,,,drink_potion,"Potion,Acidproof,100",1,,1500,,,,,,,"neg,drug",,
mercury,potion,水銀,,mercury,potion,1914,,,,drink_potion,"Potion,Acidproof,100",1,5,4000,,,,,,,"neg,rareResource",,
blood_angel,potion,堕天使の血,,fallen angel,blood,1914,,unique,,drink_potion,"Potion,Acidproof,100",1,0,4000,,,,,,,"neg,rareResource",,
928,potion,ホルモン薬,,hormone drug,,,,,,drink_potion,"Potion,TransGender,100",1,100,2600,,,,,,,drug,,
1252,potion,遺伝子薬,,gene,elixir,4900,,no_color,,drink_potion,"Potion,Gene,100",50,0,100000,,,tool_alchemy,"potion_empty,blood_angel|water_jure,1254/2,1165/1",,,"drug,craft_bonus/purity/50",飲むと遺伝子が放出される薬だ。,An elixir that releases your genetic material when you drink it.
1253,potion,育毛剤,,hair growth tonic,,4901,,no_color,,drink_potion,"Potion,HairGrowth,100",15,0,6000,,,tool_alchemy,"mercury,#milk/4,+neutralizer",,,"drug,craft_bonus/purity/5",頭に塗ると毛が生えてくるとされる伝説の薬だ。,A legendary remedy said to make hair grow when applied to the scalp.
1254,potion,産卵薬,,egg laying,potion,4902,,no_color,,drink_potion,"Potion,LovePlus,200",30,0,10000,,,tool_alchemy,"lovepotion/2,#booze,+neutralizer",,,"drug,craft_bonus/purity/20",飲むと産気づく薬だ。,A potion that induces labor when taken.
1300,potion,血のエリクシル,,blood,elixir,4908,,unique,,drink_potion,"Potion,TransBlood",20,0,4400,,,tool_alchemy,"mercury,bloodsample",,,noShop,飲むと血の風味が変わる薬だ。,A potion that alters the flavor of your blood when you drink it.
1142,potion,塩水,,salt water,potion,,,,,drink_potion,"Potion,SaltWater,100",1,,100,,*,tool_alchemy,"potion_empty,water|water_dirty,salt,+neutralizer",,,drug,,
454,brewery,,,,,2801,,alt/2901,,factory,,,,,,Farris,,,,,,,
455,brewery,,,,,2802,,alt/2902,,factory,,,,,,,,,,,,,
453,brewery,,,,,,,alt/2900,,factory,,,,,,,,,,,,,
468,furance,,,,,1619,,,,factory,,,,,,StarterEx,,,,,,,
466,furance,,,,,,,,,factory,,,,,,,,,,,,,
467,oven,,,,,1618,,,,factory,,,,,,StarterEx,,,,,,,
469,oven,,,,,1620,,,,factory,,,,,,,,,,,,,
1015,balloon,,,,,"616,617,618,619",,,,furniture,,,,,,,,,,,,,
1016,balloon,,,,,"516,517,518,519",,,,furniture,,,,,,,,,,,,,
1,bank,ブタの貯金箱,,piggy bank,,1606,,,,furniture,,,,,,,,,,,,,
2,bank,ネコの貯金箱,,kitten bank,,1607,,,,furniture,,,,,,,,,,,,,
452,bathtub,石のバスタブ,,stone bathtub,,1827,,,,furniture,,18,,4800,,,factory_stone,"cutstone/16,#drink/20",granite,,,,
451,bathtub,,,,,,,,,furniture,,20,,6000,,,factory_metal,"ingot/5,glass/2,#drink/20",plastic,,,,
971,bookshelf,,,,,,,,,furniture,,,,,,,,,,,,,
1184,bookshelf,,,,,1319,,,,furniture,,,,,,,,,,,,,
972,bookshelf,,,,,1219,,,,furniture,,,,,,,,,,,,,
1023,bookshelf,,,,,1520,,,,furniture,,,,,,,,,rosewood,,,,
1240,bookshelf,,,,,1210,,,,furniture,,,,,,,,,oak,,,,
10,cabinet,,,rich cabinet,,1402,,,,furniture,,,,,,,,,mahogany,,,,
12,cabinet,ワードローブ,,wardrobe,,1820,,,,furniture,,,,3200,,,factory_metal,"ingot/3,microchip/2",plastic,,,,
11,cabinet,石の箪笥,,stone cabinet,,1831,,,,furniture,,,,450,,,factory_stone,cutstone/8,granite,,,,
9,cabinet,,,,,,,,,furniture,,,,,,,,,,,,,
1185,cabinet,,,,,1318,,,,furniture,,,,,,,,,,,,,
760,carpet,,,,,2100,,,,furniture,,,,,,,,dye,rubinus,,,,
761,carpet,,,,,2101,,,,furniture,,,,,,,,grass,straw,,,,
762,carpet,,,,,2102,,,,furniture,,,,,,,,dye,rubinus,,,,
763,carpet,,,,,2103,,,,furniture,,,,,,,,,hide,,,,
764,carpet,,,,,2104,,,,furniture,,,,,,,,,scale,,,,
1241,carpet,,,,,"2112,-2112,2113,-2113",,,,furniture,,,,,,,,,wool,,,,
1159,carpet,スローイングサークル,,throwing circle,,2108,,anime/3/500,,furniture,BasketGame,,,,,,,,scale,,,,
755,case,,,,,644,,,,furniture,,,,,,,,,,,,,
756,case,,,,,645,,,,furniture,,,,,,,,,,,,,
653,chimney,,,,,640,,,,furniture,,,,,,,,,,,,,
655,chimney,,,,,643,,,,furniture,,,,,,,,,,,,,
654,chimney,,,,,"638,-638,639,-639",,,,furniture,,,,,,,,,,,,,
656,chimney,,,,,"641,-641,642,-642",,,,furniture,,,,,,,,,,,,,
479,furniture,高級キャビネット,,luxury cabinet,,1404,,,,furniture,,,,,,,,,mahogany,table,,,
757,furniture,高級テーブル,,luxury table,,1406,,,,furniture,,,,,,,,,mahogany,table,,,
481,furniture,メニューボード,,menu board,,1415,,,,furniture,,,,,,,,,pine,,,,
476,furniture,食器棚,,cupboard,,1417,,,,furniture,,,,,,,,,pine,container,,,
648,furniture,陳列棚,,display shelf,,1635,,alt/1632,,furniture,"Container,5,4,crate",,,,,,,,,container,,,
649,furniture,陳列棚,,display shelf,,1636,,alt/1633,,furniture,"Container,5,4,crate",,,,,,,,,container,,,
478,furniture,モダンなラック,,modern rack,,1819,,,,furniture,,,,,,,,ingot/1,plastic,container,,,
475,furniture,石の棚,,stone shelf,,1830,,,,furniture,"Container,5,4,crate",11,,380,,,factory_stone,cutstone/5,granite,container,,,
474,furniture,地図の棚,,map shelf,,2727,,alt/2726,,furniture,"Container,5,4,crate,book",,,,,,,,pine,container,,,
968,furniture,ワインセラー,,wine rack,,2729,,alt/2728,,furniture,"Container,5,4,crate,drink",,,,,,,,pine,container,,,
594,furniture,樽ラック,,barrel rack,,2803,,,,furniture,,15,,420,,,factory_metal,"ingot/2,bolt/1",iron,,,,
595,furniture,樽ラック,,barrel rack,,2804,,,,furniture,,15,,420,,,factory_metal,"ingot/2,bolt/1",iron,,,,
472,furniture,地図の箱,,map box,,2826,,alt/2827,,furniture,"Container,5,4,crate,book",,,,,,,,,container,,,
480,furniture,黒板,,blackboard,,1414,,,,furniture,,,,,,,,,,,,,
477,furniture,ラック,,rack,,1602,,,,furniture,,,,,,,,,pine,container,,,
647,furniture,陳列棚,,display shelf,,1634,,alt/1632,,furniture,"Container,5,4,crate",,,,,,,,,container,,,
645,furniture,陳列棚,,display shelf,,1637,,alt/1632,,furniture,"Container,5,4,crate",,,,,,,,,container,,,
646,furniture,陳列棚,,display shelf,,1638,,alt/1633,,furniture,"Container,5,4,crate",,,,,,,,,container,,,
488,furniture,藁の山,,straw pile,,2830,,,,furniture,"Bed,4",9,,,,,factory_wood,pasture/10,straw,ext,,,
486,furniture,水桶,,water trough,,2929,,,,furniture,,,,,,,,,,ext,,,
876,furniture,水槽,,water tank,,1538,,,,furniture,,,,,,,,rock/1,granite,ext,,,
485,furniture,飼い葉桶,,feeding trough,,2930,,,,furniture,"Container,5,2,crate",,,,,,,,,ext,,,
657,furniture,猫の像,,cat,statue,"3201,-3201,3200,-3200",,,,furniture,,,,,,,,cutstone,iron,deco,,,
658,furniture,猫の像,,cat,statue,"3204,3203",,,,furniture,,,,,,,,cutstone,iron,deco,,,
1150,furniture,狐の像,,fox,statue,"3213,-3213,3212,-3212",,,,furniture,,,,,,,,cutstone,granite,deco,exotic,,
560,furniture,旗,,flag,,716,,,,furniture,,,,,,,,dye/1,rubinus,deco,,,
748,furniture,棚,,rack,,1645,,,,furniture,,,,,,,,log/1,oak,container,,,
749,furniture,テーブル,,table,,1646,,,,furniture,,,,,,,,log/1,cedar,table,,,
765,furniture,テーブル,,table,,1649,,,,furniture,,,,,,,,log/1,cedar,table,,,
750,furniture,テーブル,,table,,1647,,,,furniture,,,,,,,,log/1,cedar,table,,,
751,furniture,机,,desk,,"1648,-1648,1748,-1748",,,,furniture,,5,,480,1600,*,factory_wood,plank/4,cedar,table,,,
819,furniture,テーブル,,table,,1650,,,,furniture,,,,,,,,log/1,cedar,table,,,
773,furniture,商品の山,,commodities,pile,1843,,,,furniture,,,,,,,,log/1,cedar,deco,,,
774,furniture,商品の山,,commodities,pile,1844,,,,furniture,,,,,,,,log/1,cedar,deco,,,
766,furniture,商品の山,,commodities,pile,1845,,,,furniture,,,,,,,,log/1,cedar,deco,,,
767,furniture,商品の山,,commodities,pile,1846,,,,furniture,,,,,,,,texture,silk,deco,,,
768,furniture,商品の山,,commodities,pile,1847,,,,furniture,,,,,,,,log/1,cedar,deco,,,
769,furniture,商品の山,,commodities,pile,1848,,,,furniture,,,,,,,,log/1,cedar,deco,,,
770,furniture,商品の山,,commodities,pile,1849,,,,furniture,,,,,,,,log/1,cedar,deco,,,
771,furniture,商品の山,,commodities,pile,1850,,,,furniture,,,,,,,,log/1,cedar,deco,,,
772,furniture,商品の山,,commodities,pile,1851,,,,furniture,,,,,,,,log/1,cedar,deco,,,
1247,furniture,飾りの女神,,decorative goddess,,1852,,,,furniture,,23,,,,,factory_stone,cutstone/4,marble,deco,,,
1306,furniture_tall,風見鶏の台,,weathercock pedestal,,1951,"1,2",,,furniture,,,,,,,,ingot,chromite,deco,randomSkin,,
1307,furniture_tall,風見鶏,,weathercock,,1957,"1,2,3,4",,,furniture,,,,,,,,plank,pine,deco,randomSkin,,
1308,furniture_tall,風見鶏の台の矢,,weathercock pedestal arrow,,1955,,,,furniture,,,,,,,,ingot,chromite,deco,randomSkin,,
812,furniture,武器の棚,,weapon rack,,1832,,alt/1932,,furniture,"Container,5,4,crate",,,,,,,log/1,cedar,container,,,
813,furniture,武器の棚,,weapon rack,,1833,,alt/1933,,furniture,"Container,5,4,crate",,,,,,,log/1,cedar,container,,,
879,furniture,食器棚,,cupboard,,1834,,,,furniture,,,,,,,,log/1,cedar,container,,,
880,furniture,ワードローブ,,wardrobe,,1835,,,,furniture,,,,,,,,log/1,cedar,container,,,
966,furniture,ワードローブ,,wardrobe,,1838,,,,furniture,,,,,,,,log/1,cedar,container,,,
881,furniture,テーブル,,table,,1836,,,,furniture,,5,,400,2200,,factory_wood,"log/2,branch/2",cedar,table,,,
882,furniture,キャビネット,,cabinet,,1837,,,,furniture,,,,,,,,log/1,cedar,container,,,
1097,furniture,キャビネット,,cabinet,,"1839,-1839,1840,-1840",,,,furniture,,,,,,,,log/1,pine,container,,,
1098,furniture,キャビネット,,cabinet,,1842,,,,furniture,,,,,,,,log/1,pine,container,,,
1102,furniture,キャビネット,,cabinet,,1742,,,,furniture,,,,,,,,log/1,pine,container,,,
1103,furniture,キャビネット,,cabinet,,1743,,,,furniture,,,,,,,,log/1,pine,container,,,
1104,furniture,キャビネット,,cabinet,,1744,,,,furniture,,,,,,,,log/1,pine,container,,,
1148,furniture,頑丈な宝箱,,sturdy treasure chest,,1324,,alt/1224,,furniture,"Container,5,4,crate",,,,120000,,,log/1,cedar,container,,,
1171,furniture,頑丈な宝箱,,sturdy treasure chest,,1328,,alt/1329,,furniture,"Container,7,5,crate",,,,200000,,,log/1,cedar,container,,,
985,furniture,舵,,rudder,,"1653,-1653,1753,-1753",,,,furniture,,,,,,,,log/1,oak,,,,
1012,furniture,台座,,pedestal,,1201,,,,furniture,,,,,,,,ingot,iron,deco,,,
837,furniture,財宝,,treasure,,1725,,,,furniture,,,,,,,,ingot,gold,deco,,,
1232,furniture,プレゼントの山,,gift box,pile,1733,,,,furniture,,,0,,,,,texture,paper,deco,,,
845,furniture,剣のレプリカ,,sword replica,,1512,,,,furniture,,,,,,,,ingot,iron,deco,,,
846,furniture,斧のレプリカ,,axe replica,,1513,,,,furniture,,,,,,,,ingot,iron,deco,,,
847,furniture,メイスのレプリカ,,mace replica,,1514,,,,furniture,,,,,,,,ingot,iron,deco,,,
862,furniture,係留ロープ,,mooring rope,,2844,,,,furniture,,,,,,,,,,ext,,,
863,furniture,錨,,anchor,,2845,,,,furniture,,,,,,,,,,ext,,,
891,furniture,廃材,,scrap,,1900,,,,furniture,,1,,160,,*,factory_metal,scrap/2,copper,ext,,,
892,furniture,廃材,,scrap,,1901,,,,furniture,,1,,120,,*,factory_wood,log,cedar,ext,,,
1055,furniture,棚,,shelf,,1218,,,,furniture,"Container,5,4,crate",,,,,,,log,oak,container,,,
1140,furniture,棚,,shelf,,1217,,,,furniture,"Container,5,4,crate",,,,,,,log,oak,container,,,
1141,furniture,棚,,shelf,,1216,,,,furniture,"Container,5,4,crate",,,,,,,log,oak,container,exotic,,
1260,furniture,棚,,shelf,,1858,,,,furniture,"Container,5,4,crate",,,,,,,log,oak,container,,,
1261,furniture,棚,,shelf,,1859,,,,furniture,"Container,5,4,crate",,,,,,,log,oak,container,,,
1250,furniture,棚,,shelf,,1854,,,,furniture,"Container,5,4,crate",,,,,,,log,oak,container,,,
1067,furniture,棚,,shelf,,1726,,,,furniture,,,,,,,,log,oak,,,,
1249,furniture,棚,,shelf,,1853,,,,furniture,,,,,,,,log,oak,,,,
1251,furniture,トレーニングマシーン,,training machine,,1855,,,,furniture,,40,100,8000,,,,ingot,steel,,,,
870,furniture,放浪者の屍,,wanderer,corpse,"652,-652,653,-653",,,,furniture,,,,,,,,,bone,ext,,,
1138,furniture,刀,,katana,,1656,,,,furniture,,,,,,,,,pine,deco,exotic,,
1108,furniture,パイプ,,pipe,,3604,,,,furniture,,18,,550,,,factory_metal,"ingot/2,bolt",copper,mech,,,
1109,furniture,パイプ,,pipe,,3605,,,,furniture,,18,,550,,,factory_metal,"ingot/2,bolt",copper,mech,,,
1110,furniture,パイプ,,pipe,,3606,,,,furniture,,18,,550,,,factory_metal,"ingot/2,bolt",copper,mech,,,
1058,furniture,氷の彫像,,ice statue,,1339,,,,furniture,,,0,,,,,rock,ice,deco,,,
1059,furniture,氷の彫像,,ice statue,,1340,,,,furniture,,,0,,,,,rock,ice,deco,,,
1064,furniture,氷の彫像,,ice statue,,1341,,,,furniture,,,0,,,,,rock,ice,deco,,,
1194,furniture,土の山,,dirt,mountain,1108,,,,furniture,,,,200,,,,chunk,mud,ext,,,
1195,furniture,土の山,,dirt,mountain,1109,,,,furniture,,,,100,,,,chunk,mud,ext,,,
1196,furniture,鉱石の山,,ores,mountain,1110,,,,furniture,,,,500,,,,ore,lapis,ext,,,
1197,furniture,土の山,,dirt,mountain,1107,,,,furniture,,,,200,,,,chunk,mud,ext,,,
1199,furniture,丸太の山,,logs,mountain,"1113,-1113,1114,-1114",,,,furniture,,,,200,,,,log/5,oak,ext,,,
beachnet,furniture,ネット,,net,,2030,,,,furniture,,,,,,,,texture,dusk,ext,,,
1060,furniture,屋根,,roof,,3003,,,,furniture,,,,,,,,dye,topaz,ext,,,
1061,furniture,屋根,,roof,,3103,,,,furniture,,,,,,,,dye,topaz,ext,,,
1112,furniture,屋根,,roof,,3006,,,,furniture,,,,,,,,dye,lapis,ext,,,
1113,furniture,屋根,,roof,,3106,,,,furniture,,,,,,,,dye,lapis,ext,,,
1202,furniture,屋根,,roof,,3111,,,,furniture,,,,,,,,plank/10,oak,ext,,,
1293,furniture,かがり火台,,brazier,,1005,-3,,,furniture,,26,,,,,factory_stone,"cutstone/5,bonfire",chromite,deco,randomSkin,,
1292,furniture_big,台座,,pedestal,,1004,,,,furniture,,19,,,,,factory_stone,cutstone/4,chromite,deco,,,
1129,furniture_big,台座,,pedestal,,"1203,1204",,,,furniture,,19,,,,,factory_stone,cutstone/4,marble,deco,,,
1219,furniture_big,台座,,pedestal,,1214,,,,furniture,,19,,,,,factory_stone,cutstone/4,granite,deco,,,
1147,furniture_big,地袋,,cupboard,,1205,,,,furniture,,,,,,,,log,oak,deco,,,
1009,furniture_big,書見台,,lectern,,1220,,,,furniture,,,,,,,,log,oak,_furniture,,,
1056,furniture_big,書見台,,lectern,,1221,,,,furniture,,,,,,,,log,oak,_furniture,,,
1299,furniture_big,書見台,,lectern,,1320,,,,furniture,,,,,,,,log,oak,_furniture,,,
1183,furniture,ラック,,rack,,1222,,,,furniture,,,,,,,,log,oak,_furniture,,,
470,furniture_big,大きな箱,,big crate,,1400,,alt/1300,,furniture,"Container,5,4,crate",,,,,,,log/1,oak,container,,,
461,furniture_big,荷車,,cart,,2829,,,,furniture,,,,,,,,,,ext,,,
744,furniture_big,積み荷,,cargo,,1641,,,,furniture,,,,,,,,log/1,oak,,,,
745,furniture_big,積み荷,,cargo,,1642,,,,furniture,,,,,,,,log/1,oak,,,,
746,furniture_big,積み荷,,cargo,,1643,,,,furniture,,,,,,,,texture,,,,,
747,furniture_big,積み荷,,cargo,,1644,,,,furniture,,,,,,,,texture,,,,,
462,furniture_big,藁の束,,wheat stack,,1626,,,,furniture,"Bed,4",9,,,,,factory_wood,pasture/20,straw,ext,,,
1167,furniture_big,藁の束,,straw bale,,1727,,,,furniture,"Bed,4",9,,,,,factory_wood,pasture/30,straw,ext,,,
626,furniture_float,洗濯ロープ,,laundry rope,,2513,,,,furniture,,,,,,,,,,,,,
627,furniture_float,洗濯もの干し,,laundry,,2514,,,,furniture,,,,,,,,,,,,,
628,furniture_float,洗濯もの干し,,laundry,,2515,,,,furniture,,,,,,,,,,,,,
629,furniture_float,洗濯もの干し,,laundry,,2516,,,,furniture,,,,,,,,,,,,,
630,furniture_float,洗濯ロープ,,laundry rope,,2517,,,,furniture,,,,,,,,,,,,,
631,furniture_float,洗濯もの干し,,laundry,,2518,,,,furniture,,,,,,,,,,,,,
632,furniture_float,洗濯もの干し,,laundry,,2519,,,,furniture,,,,,,,,,,,,,
633,furniture_float,洗濯もの干し,,laundry,,2520,,,,furniture,,,,,,,,,,,,,
715,furniture_float,吊るされた肉,,hung meat,,2521,,,,furniture,,,,,,,,,,,,,
716,furniture_float,吊るされた肉,,hung meat,,2522,,,,furniture,,,,,,,,,,,,,
717,furniture_float,吊るされた肉,,hung meat,,2523,,,,furniture,,,,,,,,,,,,,
1008,furniture_float,祭りの旗,,festival flag,,2526,,anime/3/600,,furniture,,,,,,,,dye,rubinus,,,,
1078,furniture_float,祭りの旗,,festival flag,,2529,,anime/3/600,,furniture,,,,,,,,dye,rubinus,,,,
1105,furniture_float,パイプ,,pipe,,3601,,,,furniture,,12,,300,,,factory_metal,"ingot,bolt",copper,mech,,,
1106,furniture_float,パイプ,,pipe,,3602,,,,furniture,,12,,300,,,factory_metal,"ingot,bolt",copper,mech,,,
1107,furniture_float,パイプ,,pipe,,3603,,,,furniture,,12,,300,,,factory_metal,"ingot,bolt",copper,mech,,,
1137,furniture_float,自在鉤,,pot hook,,3607,,,,furniture,,,,,,,,log/1,carbone,deco,exotic,,
490,furniture_huge,大きな柱,,big pillar,,625,,,,furniture,,,,,,,,rock/1,granite,ext,,,
723,furniture_huge,大きな柱,,big pillar,,622,,,,furniture,,,,,,,,rock/1,granite,ext,,,
724,furniture_huge,支柱,,pillar,,630,,,,furniture,,,,,,,,rock/1,granite,ext,,,
491,furniture_huge,壊れた柱,,broken pillar,,"626,627,628",,,,furniture,,,,,,,,rock/1,granite,ext,,,
1248,furniture_huge,壊れた柱,,broken pillar,,522,,,,furniture,,,,,,,,rock/1,granite,ext,,,
565,furniture_huge,大きな柱,,big pillar,,631,,,,furniture,,,,,,,,rock/1,granite,ext,,,
1182,furniture_huge,枯れた噴水,,dried fountain,,1931,,,,furniture,,,,,,,,rock/1,granite,ext,,,
562,furniture_pole,,,,,620,,,,furniture,,,,,,,,,,ext,,,
563,furniture_pole,,,,,621,,,,furniture,,,,,,,,,,ext,,,
1207,furniture_pole,,,,,521,,,,furniture,,,,,,,,,cedar,ext,,,
564,furniture_pole,ハンガー,,hanger,,635,,,,furniture,,,,,,,,,,,,,
1011,furniture_tall,サイコロ,,dice,,1200,,,,furniture,,,,,,,,ingot,iron,deco,,,
1301,furniture_tall,キャンディースティック,,candy stick,,1156,,,,furniture,,,,,,,,dye,rubinus,deco,,,
1302,furniture_tall,キャンディースティック,,candy stick,,1155,,,,furniture,,,,,,,,dye,rubinus,deco,,,
1310,furniture_tall,門松,,gate pine,,1055,,,,furniture,,11,,,,-,factory_wood,"log@bamboo/3,leaf_palulu/3,rope/2",bamboo,deco,,,
659,statue_god,癒しの女神像,,Healing,statue,3202,,,,furniture,"GodStatue,healing",,,,,,,,onyx,deco,,,
722,furniture_tall,魔術師の像,,mage,statue,"3206,-3206,3207,-3207",,,,furniture,,,,,,,,cutstone,iron,deco,,,
758,statue_god,元素の神像,,Element,statue,3208,,,,furniture,"GodStatue,element",,,,,,,,onyx,deco,,,
759,statue_god,大地の神像,,Earth,statue,3209,,,,furniture,"GodStatue,earth",,,,,,,,onyx,deco,,,
806,statue_god,収穫の神像,,Harvest,statue,3210,,,,furniture,"GodStatue,harvest",,,,,,,,onyx,deco,,,
828,statue_god,幸運の女神像,,Luck,statue,3211,,,,furniture,"GodStatue,luck",,,,,,,,onyx,deco,,,
1190,statue_god,風の女神像,,Wind,statue,3214,,,,furniture,"GodStatue,wind",,,,,,,,onyx,deco,,,
1191,statue_god,機械の神像,,Machine,statue,3215,,,,furniture,"GodStatue,machine",,,,,,,,onyx,deco,,,
487,furniture_tall,キャットタワー,,cat tower,,2822,,,,furniture,PetHouse,,,,,,,log/1,pine,,,,
pillar1,furniture_tall,細い柱,,big pillar,,623,,,,furniture,,,,,,,,rock/1,granite,ext,,,
489,furniture_tall,道案内,,road guide,,624,,tiletype/Obj,,furniture,,,,,,,,ingot/1,chromite,ext,,,
566,furniture_tall,柱,,pillar,,634,,,,furniture,,,,,,,,rock/1,granite,ext,,,
650,furniture_tall,飾り鎧,,decorative armor,,637,,,,furniture,,,,,,,,ingot/1,iron,deco,,,
844,furniture_tall,ツボ,,vase,,650,,,,furniture,Vase,,,,,,,,silt,deco,,,
970,furniture_tall,ツボ,,vase,,662,,,,furniture,Vase,,,,,,,ingot/1,lapis,deco,,,
1017,furniture_tall,ベルの像,,bell,statue,"663,-663,763,-763",,,,furniture,,,0,,,,,ingot/1,gold,deco,,,
1155,furniture_tall,七萬,枚,seven of wan,,"3859,3959,3863,3963",,tiletype/Obj,,furniture,,,0,,,,,ingot/1,mica,deco,,,
1287,furniture_tall,白,枚,white dragon,,"3862,3962,3863,3963",,tiletype/Obj,,furniture,,,0,,,,,ingot/1,mica,deco,,,
1288,furniture_tall,發,枚,green dragon,,"3861,3961,3863,3963",,tiletype/Obj,,furniture,,,0,,,,,ingot/1,mica,deco,,,
1289,furniture_tall,中,枚,red dragon,,"3860,3960,3863,3963",,tiletype/Obj,,furniture,,,0,,,,,ingot/1,mica,deco,,,
1290,furniture_tall,点棒,本,point stick,,3763,,"tiletype/Obj,ele/ball_Chaos/60,ele/ball_Impact/73",,furniture,ThrownConsume,,0,,,,,ingot/1,plastic,throw,throwWeapon,,
1160,furniture_tall,プチ,,putit,,"963,-963,1063,-1063",,tiletype/Obj,,furniture,,10,0,9000,,,,ingot/1,mica,deco,,,
1169,furniture_tall,かたつむり,,snail,,"1161,-1161,1261,-1261",,tiletype/Obj,,furniture,,10,0,11000,,,,ingot/1,plastic,deco,,,
1266,furniture_tall,シャンパンタワー,,champagne tower,,1260,,tiletype/Obj,,furniture,,38,0,16000,,,,ingot/1,rubinus,deco,,,
1269,furniture_tall,巨大カレー,,giant curry,,"1158,-1158,1258,-1258",,tiletype/Obj,,furniture,,45,10,12000,,,,ingot/1,plastic,deco,,,
1291,furniture_tall,古代の戦車,,ancient tank,,1360,"1,2,3",,,furniture,,55,20,22000,480000,,,ingot/1,cherryblossom,deco,randomSkin,,
1284,furniture_tall,異国の屋台,,foreign stall,,1157,,,,furniture,,35,,,,,,plank,oak,deco,exotic,,
1285,furniture_tall,異国の屋台,,foreign stall,,1257,,tiletype/Obj,,furniture,,35,,,,,,plank,oak,deco,exotic,,
1286,furniture_tall,ドールハウス,,doll house,,2115,,"alt/2116,tiletype/Obj",,furniture,DollHouse,24,,,,,,plank,oak,deco,,,
1271,furniture_tall,砂時計,,hourglass,,1159,,,,furniture,,,,,,,,plank,sand,deco,,,
1172,furniture_tall,途方も価値のない錆びた偽物の金塊,,completely worthless rusted fake gold bar,,"1062,-1062,1061,-1061",,tiletype/Obj,,furniture,,10,0,2500,,,,ingot/1,gold,deco,,,
1189,furniture_tall,朽ちたビッグダディ,,decayed Big Daddy,,1060,,,,furniture,,10,0,10000,,,,ingot/1,copper,deco,,,
1238,furniture_tall,ストーブ,,stove,,1160,,,,furniture,,24,,5500,,,factory_metal,"ingot/8,bolt/4",copper,deco,,,
1161,furniture_tall,アイアンメイデン,,iron maiden,,"1163,-1163,1263,-1263",,,,furniture,,,,,,,,ingot/1,iron,deco,,,
1162,furniture_tall,ギロチン,,guillotine,,"1162,-1162,1262,-1262",,,,furniture,,,,,,,,log/1,oak,deco,,,
1235,furniture_tall,野ざらしの杖,,weathered staff,,551,1,,,furniture,,,0,,,,,log/1,oak,ext,randomSkin,,
1237,furniture_tall,積み石,,stone tower,,547,"1,2,3",,,furniture,,,0,,,,,rock/1,granite,ext,randomSkin,,
1239,furniture_tall,積み石,,stone tower,,541,"1,2,3,4,5",,,furniture,,,0,,,,,rock/1,granite,ext,randomSkin,,
868,furniture_tall,漁網,,fishing net,,651,,,,furniture,,,,,,,,,,ext,,,
994,furniture_tall,のぼり,,banner,,3400,,,,furniture,,,,,,,,texture,paper,ext,exotic,,
995,furniture_tall,のぼり,,banner,,3401,,,,furniture,,,,,,,,texture,paper,ext,exotic,,
996,furniture_tall,のぼり,,banner,,3402,,,,furniture,,,,,,,,dye,rubinus,ext,exotic,,
997,furniture_tall,のぼり,,banner,,3403,,,,furniture,,,,,,,,texture,hemp,ext,exotic,,
1079,furniture_tall,のぼり,,banner,,3404,,,,furniture,,,,,,,,texture,paper,ext,exotic,,
1273,furniture_tall,のぼり,,banner,,"3405,3406",,,,furniture,,,,,,,,texture,paper,ext,exotic,,
811,furniture_wall,飾られた弓,,bows,rack,817,,,,furniture,,,,,,,,log/1,cedar,,,,
1024,furniture_wall,舵輪,,wheel,,818,,,,furniture,,,,,,,,log/1,oak,,,,
817,furniture_wall,飾られた兜,,helms,rack,927,,,,furniture,,,,,,,,log/1,cedar,,,,
818,furniture_wall,壁掛け棚,,wall rack,,928,,,,furniture,,,,,,,,log/1,cedar,,,,
1054,furniture_wall,壁掛け棚,,wall rack,,822,,,,furniture,,,,,,,,log/1,cedar,,,,
1296,furniture_wall,壁掛けかがり火台,,wall brazier,,1006,1,,,furniture,,27,,,,,factory_stone,"cutstone/5,bonfire",chromite,,randomSkin,,
981,furniture_wall,ハンガーラック,,hanging rack,,933,,,,furniture,,,,,,,,log/1,cedar,,,,
982,furniture_wall,ハンガーラック,,hanging rack,,934,,,,furniture,,,,,,,,log/1,cedar,,,,
1145,furniture_wall,壁掛け棚,,wall rack,,935,,,,furniture,,,,,,,,log/1,cedar,,,,
1146,furniture_wall,壁掛け棚,,wall rack,,936,,,,furniture,,,,,,,,log/1,cedar,,,,
1265,furniture_wall,だんだんキノコ,,tiered mushroom,,937,100,,,furniture,,23,,500,,,factory_wood,"log/2,nail/4,#mushroom/6",cedar,,randomSkin,,
831,furniture_wall,鏡,,mirror,,850,,,,furniture,,,,,,,,log/1,cedar,,,,
848,furniture_wall,鏡,,mirror,,851,,,,furniture,,,,,,,,log/1,cedar,,,,
851,furniture_wall,時計,,clock,,952,,"ex/amb_clock,anime/4/500",,furniture,Clock,,,,,,,log/1,cedar,,,,
889,furniture_wall,ロープ,,rope,,853,,,,furniture,,,,,,,,string,hemp,,,,
1192,furniture_wall,通気口,,vent,,2419,,,,furniture,,15,,800,,,factory_wood,"plank/4,nail/2",oak,,,,
857,furnitureL,マスト,,sailing,,2410,,,,furniture,,,,,,,,,,ext,,,
858,furnitureL,オール,,oar,,2411,,,,furniture,,,,,,,,,,ext,,,
859,furnitureL,オール,,oar,,2412,,,,furniture,,,,,,,,,,ext,,,
1268,furnitureL,大地を担ぐオパートスの像,,Opatos bearing the earth,statue,2620,,,,furniture,,40,100,12000,14000,,,,basalt,ext,,,
1311,furnitureL_huge,巨像,,giant statue,,2822,,,,furniture,,40,100,12000,14000,,,,granite,ext,randomSkin,,
1312,furnitureL_huge,巨像,,giant statue,,2622,1,,,furniture,,40,100,12000,14000,,,,granite,ext,randomSkin,,
1305,furnitureL,大きな切り株,,huge tree stump,,2423,,tiletype/ObjHuge,,furniture,,,,,,,,log/10,oak,ext,,,
1283,furnitureL,石碑,,rock monument,statue,1619,,tiletype/ObjHuge,,furniture,,,,,20000,,,rock,granite,ext,,,
721,furnitureL_huge,騎士の像,,knight,statue,2402,,,,furniture,,,,,,,,cutstone,iron,deco,,,
833,furnitureL_huge,振り子時計,,pendulum clock,,1812,,"ex/amb_clock,anime/4/500",,furniture,Clock,,,,,,,,,_furniture,,,
1076,furnitureL_huge,ゴーストの像,,ghost,statue,2413,,,,furniture,,,0,,,,,texture,cotton,deco,,,
1111,furnitureL_huge,月,,moon,,"2416,-2416,2417,-2417",,,,furniture,,,0,,2500000,,,rock,granite,deco,,,
1122,furnitureL_huge,混沌キノコ,,chaos mushroom,,2418,,,,furniture,,,0,,,,,dye,lapis,deco,,,
1123,furnitureL_huge,マカロン,,macaron,,2419,,,,furniture,,20,0,12000,,,,dye,opal,deco,,,
1124,furnitureL_huge,マンドレイク,,mandrake,,"2420,2421,2422",,,,furniture,,,0,,,,,dye,jade,deco,,,
1181,furnitureL_huge,サギ,,caladrius,,2621,,,,furniture,,,0,,,,,dye,onyx,deco,,,
832,furnitureL_wall,巨大な黒板,,huge blackboard,,1611,,,,furniture,,,,,,,,rock/1,granite,,,,
1149,furnitureS,箱,,box,,1637,,alt/1638,,furniture,"Container,3,3,crate",,,,,,,log/1,cedar,container,,,
856,furnitureS,カセットテープ,,cassette tape,,1728,,unique,,furniture,Tape,,0,,,,,ingot,onyx,mech,,,
874,furnitureS,ラジオ,,radio,,1729,,,,furniture,Radio,,,,,,,ingot,onyx,mech,,,
959,furnitureS,占い水晶,,fortune telling crystal,,1636,,,,furniture,,,,,,,,glass,crystal,junk,,,
960,furnitureS,占い台,,pedestal,,1635,,,,furniture,,,,,,,,dye/1,lapis,_furniture,,,
1018,furnitureS,プレゼントボックス,,gift box,,1810,,,,furniture,,,,,,,,dye,silver,,,,
1151,furnitureS,しめ縄,,sacred rope,,"2958,2959",,,,furniture,,,,,,,,texture,paper,ext,exotic,,
569,furnitureS,短いポール,,short pole,,1300,,,,furniture,,,,,,,,,pine,ext,,,
484,furnitureS,キノコのテーブル,,mushroom table,,1507,,,,furniture,,7,,,,,factory_wood,"log/2,#mushroom/4",pine,table,,,
483,furnitureS,サイドテーブル,,side table,,1621,,,,furniture,,,,,,,,,pine,table,,,
568,furnitureS,サイドテーブル,,side table,,1622,,,,furniture,,,,,,,,,wood_birch,table,,,
570,furnitureS,サイドテーブル,,side table,,1623,,,,furniture,,,,,,,,texture/1,cotton,table,,,
1215,furnitureS,サイドテーブル,,side table,,1544,,,,furniture,,,,,,,,,cherryblossom,table,,,
1258,furnitureS,サイドテーブル,,side table,,1553,,,,furniture,,,,,,,,,,table,,,
893,furnitureS,テーブル,,table,,1721,,,,furniture,,,,,,,,,pine,table,,,
572,furnitureS,テレビ台,,TV table,,1625,,,,furniture,,,,,,,,ingot/1,chromite,table,,,
573,furnitureS,テレビ台,,TV table,,1626,,,,furniture,,,,,,,,ingot/1,chromite,table,,,
567,furnitureS,壊れた樽,,broken barrel,,1808,,,,furniture,,,,,,,,log/1,oak,junk,,,
482,furnitureS,サイドテーブル,,side table,,1514,,,,furniture,,,,,,,,,pine,table,,,
754,furnitureS,箱,,box,,2328,,,,furniture,,,,,,,,log/1,cedar,container,,,
1010,furnitureS,サイドテーブル,,side table,,1533,,,,furniture,,,,,,,,log/1,mahogany,table,,,
1019,furnitureS,サイドテーブル,,side table,,1535,,,,furniture,,,,,,,,log/1,mahogany,table,,,
1020,furnitureS,チェステーブル,,chess table,,1534,,,,furniture,,,,,,,,log/1,mahogany,table,,,
1021,furnitureS,チェステーブル,,chess table,,1536,,,,furniture,,,,,,,,log/1,mahogany,table,,,
1242,furnitureS,異国のチェステーブル,,exotic chess table,,1552,,,,furniture,,,,,,,,log/1,pine,table,exotic,,
1281,furnitureS,サーバーバレル,,serving barrel,,1558,,,,furniture,,,,,,,,log/1,rosewood,table,,,
1206,furnitureS,ししおどし,,exotic device,,2828,,anime/4/200/50/1,,furniture,,,,,,,,rock/1,granite,ext,exotic,,
1208,furnitureS,車止め,,bumping post,,"1745,-1745,1746,-1746",,,,furniture,,,,,,,,log/1,oak,ext,,,
1270,furnitureS,カレーのルー,,curry roux,,"1555,-1555,1554,-1554",,,,furniture,,,,,,,,ingot/1,iron,,,,
1303,furnitureS,流木,本,driftwood,,2053,"1,2",,,furniture,,,,,,,,log/3,oak,ext,randomSkin,,
1304,furnitureS,根っこ,,tree root,,2056,1,,,furniture,,,,,,,,branch/1,oak,ext,randomSkin,,
877,gacha,ジャンクガチャ,,junk gacha,,,,,,furniture,"Gacha,Junk",,,,,,,,cobalt,,,,
878,gacha,鉢植えガチャ,,plant pot gacha,,,,,,furniture,"Gacha,Plant",,,,,,,,opal,,,,
1166,gacha,家具ガチャ,,furniture gacha,,,,,,furniture,"Gacha,Furniture",,,,,,,,rubinus,,,,
1028,lever,ブレイカー,,breaker,,,,,,furniture,LeverBreaker,,,,,,,,,,,,
1116,leverS,,,,,1741,,,,furniture,,,,,,,,,,,,,
1117,leverS,,,,,1743,,,,furniture,,,,,,,,,,,,,
589,roadsign,,,,,"1920,-1920,1920,-1920",,,,furniture,,7,,500,,,factory_sign,"log/2,nail/1",,,,,
588,roadsign,,,,,,,,,furniture,,7,,500,,,factory_sign,"log/2,nail/1",,,,,
977,screen,,,,,1529,,,,furniture,,,,,,,,,,,,,
450,screen,,,,,1627,,,,furniture,,,,,,,,log/1,pine,,,,
449,screen,,,,,,,,,furniture,,,,,,,,,,,exotic,,
432,trainingDummy,藁人,,training dummy,,"2825,-2825,2925,-2925",,,,furniture,,,,900,,,,"grass/6,stick/2,#head",straw,,,,
431,trainingDummy,,,,,,,,,furniture,,,,1200,,,,"log/5,#head",,,,,
430,trashbin,,,,,1404,,,,furniture,,,,800,,,,"ingot/4,bolt/1",iron,,,,
593,trashbin,,,,,1409,,,,furniture,,,,500,,,,ingot/3,iron,,,,
429,trashbin,,,,,,,,,furniture,,,,,,,factory_wood,,,,,,
978,truck,,,,,1709,,,,furniture,,,,,,,,ingot/1,iron,,,,
391,truck,,,,,1710,,,,furniture,,,,,,,,,,,,,
392,truck,,,,,"1715,-1715,1716,-1716",,,,furniture,,,,,,,,ingot/1,iron,,,,
390,truck,,,,,,,,,furniture,,,,,,,,,,,,,
425,wall_shelf,,,,,"820,-820,920,-920",,,,furniture,,,,,,,,,,,,,
426,wall_shelf,,,,,"821,-821,921,-921",,,,furniture,,,,,,,,,,,,,
598,bed,王子様ベッド,,prince's bed,,1704,,,,furniture_bed,"Bed,2",40,100,25000,64000,,,"ingot/10,texture/12,gem/8,836",rubinus,,,,
599,bed,バンクベッド,,pipe bed,,1705,,,,furniture_bed,"Bed,4",11,,1800,22000,,factory_metal,"scrap/4,$fiber/2",,,,,
459,bed,粗末なベッド,,poor bed,,1605,,,,furniture_bed,,5,,600,8000,,,"plank/4,$fiber/2",pine,,,,
460,bed,簡易ベッド,,makeshift bed,,1606,,,,furniture_bed,"Bed,1",2,,200,1200,*,workbench,"grass/2,leaf/4",straw,,,,
sleepingbag,bed,寝袋,,sleeping bag,,1706,,,,furniture_bed,"Bed,1",6,,900,150,*,self,"fiber/2,skin/2,string/3",hide,,,,
458,bed,石のベッド,,stone bed,,1828,,,,furniture_bed,,10,,1200,32000,,factory_stone,"cutstone/4,rock/2,fiber/2",granite,,,,
457,bed,モダンなベッド,,modern bed,,1928,,,,furniture_bed,,25,,7800,24000,,factory_metal,"ingot/4,texture/4,ic/1",plastic,,,,
456,bed,,,,,,,,,furniture_bed,,20,,5600,28000,,,"plank/2,$dye,texture/4",,,,,
1139,bed,お布団,枚,futon,,"1504,-1504,1505,-1505",,,,furniture_bed,"Bed,1",30,,9200,2400,,loom,"dye/1,texture/4,goodness",pearl,,exotic,,
596,bed_double,王様ベッド,,king's bed,,3100,,,,furniture_bed,"Bed,2",60,10,100000,92000,,,"ingot/16,texture/20,gem/12,836/2,nobility",rubinus,,,,
597,bed_double,二段ベッド,,bunk bed,,3101,,,,furniture_bed,"Bed,8",17,,3400,20000,,factory_metal,"scrap/6,$fiber/4",,,,,
27,chair,丸椅子,,round chair,,1513,,,,furniture_chair,,3,,250,,*,factory_wood,log/2,,,,,
25,chair,,,,,1515,,,,furniture_chair,,3,,250,,,factory_wood,log/2,,,,,
1212,chair,丸太の椅子,,log chair,,1539,,,,furniture_chair,,3,,300,,,factory_wood,log/3,,,,,
1213,chair,デッキチェア,,deck chair,,"1540,-1540,1541,-1541",,,,furniture_chair,,12,,600,,,factory_wood,"texture/2,plank/4",hemp,,,,
1214,chair,座椅子,,foreign chair,,"1542,-1542,1543,-1543",,,,furniture_chair,,12,,500,,,factory_wood,"plank/3,texture/2",rosewood,,,,
30,chair,モダンな椅子,,modern chair,,1521,,,,furniture_chair,,,,450,,,factory_metal,ingot/3,plastic,,,,
29,chair,石の椅子,,stone chair,,1524,,,,furniture_chair,,,,350,,,factory_stone,cutstone/4,granite,,,,
24,chair,カジノの椅子,,casino chair,,1525,,,,furniture_chair,,,,800,,,factory_metal,"dye/1,texture/1,ingot/2",rubinus,,,,
28,chair,ロッキングチェア,,rocking chair,,"1502,-1502,1602,-1602",,,,furniture_chair,,22,,2200,,,factory_wood,"plank/2,texture/2,string/2",,,,,
31,chair,キノコの椅子,,mushroom chair,,1508,,,,furniture_chair,,3,,550,,,factory_wood,"log/1,#mushroom/3",,,,,
26,chair,,,,,"1518,-1518,1519,-1519",,,,furniture_chair,,3,,350,,,factory_wood,plank/2,,,,,
497,chair,,,,,1526,,,,furniture_chair,,,,500,,,loom,"dye/1,texture/2",rubinus,,,,
498,chair,バーの椅子,,bar stool,,1527,,,,furniture_chair,,,,550,,,factory_metal,"dye/1,ingot/2",obsidian,,,,
499,chair,バーの椅子,,bar stool,,1529,,,,furniture_chair,,,,550,,,factory_metal,"dye/1,ingot/2",turquoise,,,,
500,chair,,,,,1530,,,,furniture_chair,,,,400,,,factory_metal,"texture/1,ingot/1",hide,,,,
23,chair,,,,,,,,,furniture_chair,,3,,350,,,factory_wood,"plank/2,nail/1",,,,,
987,chair,変な椅子,,weird chair,,1532,,,,furniture_chair,,,,500,,,factory_metal,ingot/2,plastic,,,,
1052,chair,,,,,1537,,,,furniture_chair,,,,400,,,loom,"texture/2,plank/1",hide,,,,
33,chair_long,石の長椅子,,stone long chair,,1826,,,,furniture_chair,,,,600,,,factory_stone,cutstone/6,granite,,,,
32,chair_long,,,,,,,,,furniture_chair,,,,900,,,,"plank/2,ingot/1",,,,,
860,chair_long,,,,,"1651,-1651,1751,-1751",,,,furniture_chair,,,,600,,,,plank/4,cedar,,,,
1217,chair_long,,,,,1750,,,,furniture_chair,,,,600,,,,"plank/2,log/2",cedar,,,,
976,curtain,,,,,,,,,furniture_chair,,18,,1500,,,,"texture/5,stick/1,string/1",,,,,
35,cushion,,,,,1506,,,,furniture_chair,,,,500,,,,"texture/2,grass/4",,,,,
36,cushion,,,,,1609,,,,furniture_chair,,22,,700,,,,"texture/3,grass/6",,,,,
34,cushion,,,,,,,,,furniture_chair,,,,500,,,,"texture/2,grass/4",,,,,
990,cushion,,,,,1704,,,,furniture_chair,,,,500,,,,"texture/2,grass/4",,,,,
991,cushion,,,,,1705,,,,furniture_chair,,,,500,,,,"texture/2,grass/4",,,,,
992,cushion,,,,,1706,,,,furniture_chair,,22,,700,,,,"texture/3,grass/6",,,,,
993,cushion,,,,,1707,,,,furniture_chair,,22,,700,,,,"texture/3,grass/6",,,,,
1136,cushion,,,,,1703,,,,furniture_chair,,22,,700,,,,"texture/3,grass/6",hide_dragon,,exotic,,
1230,cushion,ハートのクッション,,heart cushion,,1547,,,,furniture_chair,,22,,700,,,,"texture/3,$dye/1",,,,,
964,sofa,,,,,,,,,furniture_chair,,16,,1400,,,,"texture/4,plank/4",,,,,
965,sofa,,,,,"1211,-1211,1311,-1311",,,,furniture_chair,,16,,900,,,,"texture/3,892/2",,,,,
434,throne1,,,,,2836,,,,furniture_chair,,,,,,,,rock/1,granite,,,,
433,throne1,,,,,,,,,furniture_chair,,,,,,,,,,,,,
714,throne1,ボスチェア,,boss chair,,3035,,,,furniture_chair,,,,,,,,dye/1,onyx,,,,
1274,throne1,,,,,3036,,,,furniture_chair,,,,,,,,rock/1,granite,,,,
443,doll,呪い人形,,curse doll,,1616,,,,furniture_deco,,,,,,,,,,,,,
446,doll,クマのぬいぐるみ,,stuffed bear,,"1621,-1621,1721,-1721",,,,furniture_deco,,,,,,,,,,,,,
445,doll,木馬,,rocking horse,,1622,,,,furniture_deco,,,,,,,,log/1,oak,,,,
444,doll,お嬢人形,,doll,,1802,,ele/cute/30,,furniture_deco,,,,,,,,,cotton,,,,
442,doll,,,,,,,,,furniture_deco,,,,,,,,,,,,,
1255,doll,異国の人形,,foreign doll,,2122,,,,furniture_deco,,,,,,,,,cotton,,,,
1228,doll,お嬢人形,,doll,,2123,,"unique,ele/eco/20,ele/cute/40",,furniture_deco,,,0,,,,,,cotton,,,,
1229,doll,妹人形,,younger sister doll,,2124,,"unique,ele/eco/20,ele/cute/40",,furniture_deco,,,0,,,,,,cotton,,,,
61,fence_flower,,,,,1631,,,,furniture_deco,,,,,,,,,,,,,
60,fence_flower,,,,,1628,,,,furniture_deco,,,,,,,,,,,,,
1187,fence_flower,,,,,1731,,,,furniture_deco,,,,,,,,,,,,,
1188,fence_flower,,,,,1728,,,,furniture_deco,,,,,,,,,,,,,
775,mountedStuff,動物の剥製,,mounted animal,,905,,,,furniture_deco,,,,,,,,,,,,,
262,mountedStuff,動物の剥製,,mounted animal,,805,,,,furniture_deco,,,,,,,,,,,,,
263,mountedStuff,動物の剥製,,mounted animal,,806,,,,furniture_deco,,,,,,,,,,,,,
264,mountedStuff,動物の剥製,,mounted animal,,807,,,,furniture_deco,,,,,,,,,,,,,
265,mountedStuff,魚の剥製,,mounted fish,,808,,,,furniture_deco,,,,,,,,,,,,,
266,mountedStuff,魚の剥製,,mounted fish,,809,,,,furniture_deco,,,,,,,,,,,,,
961,mountedStuff,骸骨の剥製,,mounted skelton,,"858,-858,958,-958",,,,furniture_deco,,,,,,,,bone,bone,,,,
962,mountedStuff,骸骨の剥製,,mounted skelton,,"859,-859,959,-959",,,,furniture_deco,,,,,,,,bone,bone,,,,
276,parasol,,,,,2023,,,,furniture_deco,,,,,,,,,,,,,
277,parasol,,,,,2024,,,,furniture_deco,,,,,,,,,,,,,
539,parasol,,,,,2025,,,,furniture_deco,,,,,,,,,,,,,
370,snowman,,,,,1402,,,,furniture_deco,,,,,,,,,,,,,
371,snowman,,,,,1403,,,,furniture_deco,,,,,,,,,,,,,
448,stand_armor,服のスタンド,,cloth stand,,701,,,,furniture_deco,,,,,,,,texture/1,wool,,,,
447,stand_armor,,,,,,,,,furniture_deco,,,,,,,,,,,,,
417,vase,バスケット,,basket,,1503,,,,furniture_deco,,,,,,,,,,,,,
418,vase,バスケット,,basket,,1504,,,,furniture_deco,,,,,,,,,,,,,
867,vase,金魚鉢,,fishbowl,,2732,,anime/4/300/6,,furniture_deco,,,,,,,,,,,,,
1158,vase,金魚鉢,,fishbowl,,2728,,anime/4/300/6,,furniture_deco,,,,,,,,,,,,,
969,vase,飾り皿,,decorative dish,,2530,,,,furniture_deco,,,,,,,,ingot/1,lapis,,exotic,,
1051,vase,彫像,,statue,,2531,,,,furniture_deco,,,,,,,,cutstone,granite,,,,
1053,vase,化石,,fossil,,"2832,2833",,,,furniture_deco,,,,,,,,rock,granite,,,,
393,vase,,,,,2500,,,,furniture_deco,,,,,,,,,,,,,
394,vase,,,,,2501,,,,furniture_deco,,,,,,,,,,,,,
395,vase,,,,,2502,,,,furniture_deco,,,,,,,,,,,,,
396,vase,,,,,2503,,,,furniture_deco,,,,,,,,,,,,,
397,vase,,,,,2504,,,,furniture_deco,,,,,,,,,,,,,
398,vase,,,,,2505,,,,furniture_deco,,,,,,,,,,,,,
399,vase,,,,,2506,,,,furniture_deco,,,,,,,,,,,,,
400,vase,,,,,2507,,,,furniture_deco,,,,,,,,,,,,,
401,vase,,,,,2508,,,,furniture_deco,,,,,,,,,,,,,
402,vase,,,,,2509,,,,furniture_deco,,,,,,,,,,,,,
403,vase,,,,,2510,,,,furniture_deco,,,,,,,,,,,,,
404,vase,,,,,2511,,,,furniture_deco,,,,,,,,,,,,,
405,vase,,,,,2512,,,,furniture_deco,,,,,,,,,,,,,
406,vase,,,,,2513,,,,furniture_deco,,,,,,,,,,,,,
407,vase,,,,,2514,,,,furniture_deco,,,,,,,,,,,,,
408,vase,,,,,2515,,,,furniture_deco,,,,,,,,,,,,,
409,vase,,,,,2516,,,,furniture_deco,,,,,,,,,,,,,
410,vase,,,,,2517,,,,furniture_deco,,,,,,,,,,,,,
411,vase,,,,,2518,,,,furniture_deco,,,,,,,,,,,,,
412,vase,,,,,2519,,,,furniture_deco,,,,,,,,,,,,,
413,vase,バスケット,,basket,,2520,,,,furniture_deco,,,,,,,,,,,,,
414,vase,バスケット,,basket,,2521,,,,furniture_deco,,,,,,,,,,,,,
415,vase,バスケット,,basket,,2522,,,,furniture_deco,,,,,,,,,,,,,
416,vase,,,,,2523,,,,furniture_deco,,,,,,,,,,,,,
643,vase,,,,,2524,,,,furniture_deco,,,,,,,,,,,,,
644,vase,バスケット,,basket,,2525,,,,furniture_deco,,,,,,,,,,,,,
600,vase,バスケット,,basket,,2526,,,,furniture_deco,,,,,,,,,,,,,
669,vase,バスケット,,basket,,2527,,,,furniture_deco,,,,,,,,,,,,,
829,door_boat,船の梯子,,ship ladder,,"2620,-2620,2720,-2720",,,,furniture_door,,36,,2200,,,,"plank/2,rope/2",,,,,
830,door_boat,船の渡し板,,ship boarding plank,,"2621,-2621,2721,-2721",,,,furniture_door,,36,,2400,,,,plank/6,,,,,
37,door_curtain,,,,,2613,,,,furniture_door,,14,,380,,,,"texture/2,stick/1",,,,,
38,door_curtain,,,,,2614,,,,furniture_door,,14,,120,,,,stick/1,,,,,
601,door_curtain,,,,,2615,,,,furniture_door,,14,,380,,,,"texture/2,stick/1",,,,,
602,door_curtain,,,,,2616,,,,furniture_door,,14,,380,,,,"texture/2,stick/1",,,,,
603,door_curtain,,,,,2617,,,,furniture_door,,14,,380,,,,"texture/2,stick/1",,,,,
39,door_fence,,,,,"2604,-2604,2604,-2604",,,,furniture_door,,4,,,,,,"log/2,stick/2",,,,,
40,door_lattice,,,,,"2602,-2602,2602,-2602",,,,furniture_door,,10,,800,,,,"ingot/4,bolt/2",,,,,
41,door_lattice,格子のフェンスの扉,,lattice gate,,"2605,-2605,2605,-2605",,,,furniture_door,,8,,800,,,,"ingot/4,bolt/2",,,,,
1118,door_shoji,,,,,,,,,furniture_door,,,,,,,,,,,exotic,,
1119,door_shoji,,,,,"2624,-2624,2624,-2624",,,,furniture_door,,,,,,,,,,,exotic,,
1220,door_shoji,襖,,,,"2630,-2630,2630,-2630","2,4,6,8,10,12,14,16,18",,,furniture_door,,,,,,,,,zylon,,"exotic,randomSkin",,
1234,door_curtain2,,,,,,,,,furniture_door,,,,,,,,,,,,,
42,door_stone,,,,,"2608,-2608,2608,-2608",,,,furniture_door,,8,,,500,,,"cutstone/6,rope/1",,,,,
43,door_stone,,,,,"2610,-2610,2610,-2610",,,,furniture_door,,32,,1600,,,,"cutstone/8,gem/4",,,,,
45,door4,,,,,"2600,-2600,2600,-2600",,,,furniture_door,,6,,380,,*,,"plank/2,nail/1",,,,,
44,door4,,,,,"2601,-2601,2601,-2601",,,,furniture_door,,6,,420,,,,"plank/2,nail/1",,,,,
46,door4,,,,,"2609,-2609,2609,-2609",,,,furniture_door,,6,,600,,,,"plank/2,scrap/1,nail/1",,,,,
864,doorframe,,,,,3300,,,,furniture_door,,,,,,,factory_stone,"cutstone/2,nail/1",silt,,,,
865,doorframe,,,,,3302,,,,furniture_door,,,,,,,factory_wood,"log,nail",,,,,
866,doorframe,,,,,3304,,,,furniture_door,,,,,,,factory_wood,"plank/2,nail/1",,,,,
120,grave,,,,,700,,,,furniture_grave,,,,,,,,,,,,,
121,grave,,,,,1432,,,,furniture_grave,,,,,,,,,,,,,
1035,grave,,,,,1332,,,,furniture_grave,,,0,,,,,,,,,,
1036,grave,,,,,1333,,,,furniture_grave,,,0,,,,,,,,,,
1046,grave,,,,,1334,,,,furniture_grave,,,0,,,,,,,,,,
1047,grave,,,,,1335,,,,furniture_grave,,,0,,,,,,,,,,
1048,grave,,,,,1336,,,,furniture_grave,,,0,,,,,,,,,,
1049,grave,,,,,1337,,,,furniture_grave,,,0,,,,,,,,,,
1050,grave,,,,,1338,,,,furniture_grave,,,0,,,,,,,,,,
1154,grave,,,,,1331,,,,furniture_grave,,15,,,,,,,,,,,
122,grave,,,,,1433,,,,furniture_grave,,15,,,,,,,,,,,
123,grave,,,,,1434,,,,furniture_grave,,15,,,,,,,,,,,
124,grave,,,,,1435,,,,furniture_grave,,15,,,,,,,,,,,
125,grave,,,,,1436,,,,furniture_grave,,15,,,,,,,,,,,
126,grave,,,,,1437,,,,furniture_grave,,15,,,,,,,,,,,
127,grave,,,,,1438,,,,furniture_grave,,15,,,,,,,,,,,
grave_dagger1,grave_dagger,,,,,1702,,,,furniture_grave,,,0,,,,,,,,,,
grave_dagger2,grave_dagger,,,,,1703,,,,furniture_grave,,,0,,,,,,,,,,
834,electronics,テレビ,,TV,,1231,,anime/6/5000,,furniture_mech,TV,28,,4200,,,,"plank/5,ic/2,glass/6",oak,mech,,,
1114,electronics,ヒーター,,heater,,1306,,,,furniture_mech,,18,,2000,,,,"ingot/5,bolt/4",copper,mech,,,
1115,electronicsL,ヒーター,,heater,,2211,,,,furniture_mech,,33,,4500,,,,"ingot/12,bolt/8",copper,mech,,,
850,electronicsS,ラジオ,,radio,,1726,,,,furniture_mech,Radio,12,,900,,,,"ingot/2,microchip/1,stick/1",onyx,mech,,,
855,electronicsS,ラジカセ,,boomer,,1927,,,,furniture_mech,JukeBox,14,,1500,,,,"ingot/3,microchip/2,stick/2",aquamarine,mech,,,
1309,electronicsS,ASMR再生機,,ASMR player,,1927,,elec/-150,,furniture_mech,ASMR,14,3,1500,,,none,ash3,mica,mech,,,
571,electronicsS,テレビ,,TV,,1931,,anime/6/5000,,furniture_mech,TV,20,,2400,,,,"ingot/4,ic/1,glass/4",chromite,,,,
1089,electronicsS,扇風機,,fan,,1737,,anime/3/400,,furniture_mech,,8,,,,,,"ingot/3,microchip/1",mica,,,,
1090,electronicsSWall,エアコン,,air conditioner,,1639,,anime/3/400,,furniture_mech,,45,,4500,,,,"ingot/8,leaf_palulu/4,chunk@ice/30,ic",plastic,,,,
1246,fridge,巨大冷蔵庫,,big fridge,,1212,,elec/-20,,furniture_mech,"Fridge,8,8,modern,meal",48,10,24800,24000,,machinebench,"ingot/20,ic/1,chunk@ice/40,crystal_mana",,,,,
112,fridge,,,,,1409,,elec/-5,,furniture_mech,"Fridge,4,4,modern,meal",15,,5800,12000,,machinebench,"ingot/4,ic/1,chunk@ice/20",,,,,
111,fridge,,,,,,,elec/-10,,furniture_mech,"Fridge,5,6,modern,meal",27,,9600,18000,,machinebench,"ingot/10,ic/2,chunk@ice/30",,,,,
286,pot_plantBig,,,,,600,,,,furniture_plant,,,,,,,,,,,,,
287,pot_plantBig,,,,,601,,,,furniture_plant,,,,,,,,,,,,,
288,pot_plantBig,,,,,602,,,,furniture_plant,,,,,,,,,,,,,
289,pot_plantBig,,,,,603,,,,furniture_plant,,,,,,,,,,,,,
743,pot_plantBig,,,,,604,,,,furniture_plant,,,,,,,,,,,,,
793,pot_plantBig,,,,,605,,,,furniture_plant,,,,,,,,,,,,,
290,pot_plantBig,,,,,606,,,,furniture_plant,,,,,,,,,,,,,
291,pot_plantBig,,,,,607,,,,furniture_plant,,,,,,,,,,,,,
292,pot_plantBig,,,,,610,,,,furniture_plant,,,,,,,,,,,,,
293,pot_plantBig,,,,,611,,,,furniture_plant,,,,,,,,,,,,,
294,pot_plantBig,,,,,613,,,,furniture_plant,,,,,,,,,,,,,
540,pot_plantBig,,,,,629,,,,furniture_plant,,,,,,,,,,,,,
800,pot_plantBig,,,,,646,,,,furniture_plant,,,,,,,,,,,,,
801,pot_plantBig,,,,,647,,,,furniture_plant,,,,,,,,,,,,,
802,pot_plantBig,,,,,648,,,,furniture_plant,,,,,,,,,,,,,
803,pot_plantBig,,,,,649,,,,furniture_plant,,,,,,,,,,,,,
967,pot_plantBig,,,,,661,,,,furniture_plant,,,,,,,,,,,,,
1272,pot_plantBig,,,,,749,,,,furniture_plant,,,,,,,,,,,,,
295,pot_plantSmall,,,,,2100,,,,furniture_plant,,,,,,,,,,,,,
296,pot_plantSmall,,,,,2101,,,,furniture_plant,,,,,,,,,,,,,
297,pot_plantSmall,,,,,2102,,,,furniture_plant,,,,,,,,,,,,,
298,pot_plantSmall,,,,,2103,,,,furniture_plant,,,,,,,,,,,,,
299,pot_plantSmall,,,,,2104,,,,furniture_plant,,,,,,,,,,,,,
300,pot_plantSmall,,,,,2105,,,,furniture_plant,,,,,,,,,,,,,
301,pot_plantSmall,,,,,2106,,,,furniture_plant,,,,,,,,,,,,,
302,pot_plantSmall,,,,,2107,,,,furniture_plant,,,,,,,,,,,,,
303,pot_plantSmall,,,,,2108,,,,furniture_plant,,,,,,,,,,,,,
304,pot_plantSmall,,,,,2109,,,,furniture_plant,,,,,,,,,,,,,
305,pot_plantSmall,,,,,2110,,,,furniture_plant,,,,,,,,,,,,,
306,pot_plantSmall,,,,,2111,,,,furniture_plant,,,,,,,,,,,,,
307,pot_plantSmall,,,,,2112,,,,furniture_plant,,,,,,,,,,,,,
308,pot_plantSmall,,,,,2113,,,,furniture_plant,,,,,,,,,,,,,
309,pot_plantSmall,,,,,2114,,,,furniture_plant,,,,,,,,,,,,,
310,pot_plantSmall,,,,,2115,,,,furniture_plant,,,,,,,,,,,,,
311,pot_plantSmall,,,,,2116,,,,furniture_plant,,,,,,,,,,,,,
312,pot_plantSmall,,,,,2117,,,,furniture_plant,,,,,,,,,,,,,
313,pot_plantSmall,,,,,2118,,,,furniture_plant,,,,,,,,,,,,,
314,pot_plantSmall,,,,,2119,,,,furniture_plant,,,,,,,,,,,,,
315,pot_plantSmall,,,,,2120,,,,furniture_plant,,,,,,,,,,,,,
316,pot_plantSmall,,,,,2121,,,,furniture_plant,,,,,,,,,,,,,
317,pot_plantSmall,,,,,2122,,,,furniture_plant,,,,,,,,,,,,,
318,pot_plantSmall,,,,,2123,,,,furniture_plant,,,,,,,,,,,,,
319,pot_plantSmall,,,,,2124,,,,furniture_plant,,,,,,,,,,,,,
320,pot_plantSmall,,,,,2125,,,,furniture_plant,,,,,,,,,,,,,
321,pot_plantSmall,,,,,2126,,,,furniture_plant,,,,,,,,,,,,,
322,pot_plantSmall,,,,,2127,,,,furniture_plant,,,,,,,,,,,,,
323,pot_plantSmall,,,,,2128,,,,furniture_plant,,,,,,,,,,,,,
324,pot_plantSmall,,,,,2129,,,,furniture_plant,,,,,,,,,,,,,
325,pot_plantSmall,,,,,2130,,,,furniture_plant,,,,,,,,,,,,,
326,pot_plantSmall,,,,,2131,,,,furniture_plant,,,,,,,,,,,,,
541,pot_plantSmall,,,,,2132,,,,furniture_plant,,,,,,,,,,,,,
586,pot_plantSmall,,,,,2133,,,,furniture_plant,,,,,,,,,,,,,
587,pot_plantSmall,,,,,2134,,,,furniture_plant,,,,,,,,,,,,,
542,pot_plantSmall,,,,,2135,,,,furniture_plant,,,,,,,,,,,,,
543,pot_plantSmall,,,,,2136,,,,furniture_plant,,,,,,,,,,,,,
544,pot_plantSmall,,,,,2137,,,,furniture_plant,,,,,,,,,,,,,
545,pot_plantSmall,,,,,2138,,,,furniture_plant,,,,,,,,,,,,,
546,pot_plantSmall,,,,,2139,,,,furniture_plant,,,,,,,,,,,,,
547,pot_plantSmall,,,,,2140,,,,furniture_plant,,,,,,,,,,,,,
548,pot_plantSmall,,,,,2141,,,,furniture_plant,,,,,,,,,,,,,
549,pot_plantSmall,,,,,2142,,,,furniture_plant,,,,,,,,,,,,,
550,pot_plantSmall,,,,,2143,,,,furniture_plant,,,,,,,,,,,,,
551,pot_plantSmall,,,,,2144,,,,furniture_plant,,,,,,,,,,,,,
552,pot_plantSmall,,,,,2145,,,,furniture_plant,,,,,,,,,,,,,
553,pot_plantSmall,,,,,2146,,,,furniture_plant,,,,,,,,,,,,,
554,pot_plantSmall,,,,,2147,,,,furniture_plant,,,,,,,,,,,,,
555,pot_plantSmall,,,,,2148,,,,furniture_plant,,,,,,,,,,,,,
556,pot_plantSmall,,,,,2149,,,,furniture_plant,,,,,,,,,,,,,
557,pot_plantSmall,,,,,2150,,,,furniture_plant,,,,,,,,,,,,,
558,pot_plantSmall,,,,,2151,,,,furniture_plant,,,,,,,,,,,,,
559,pot_plantSmall,,,,,2152,,,,furniture_plant,,,,,,,,,,,,,
670,pot_plantSmall,,,,,2153,,,,furniture_plant,,,,,,,,,,,,,
739,pot_plantSmall,,,,,2154,,,,furniture_plant,,,,,,,,,,,,,
740,pot_plantSmall,,,,,2155,,,,furniture_plant,,,,,,,,,,,,,
741,pot_plantSmall,,,,,2156,,,,furniture_plant,,,,,,,,,,,,,
794,pot_plantSmall,,,,,2157,,,,furniture_plant,,,,,,,,,,,,,
795,pot_plantSmall,,,,,2158,,,,furniture_plant,,,,,,,,,,,,,
796,pot_plantSmall,,,,,2159,,,,furniture_plant,,,,,,,,,,,,,
797,pot_plantSmall,,,,,2160,,,,furniture_plant,,,,,,,,,,,,,
798,pot_plantSmall,,,,,2161,,,,furniture_plant,,,,,,,,,,,,,
799,pot_plantSmall,,,,,2162,,,,furniture_plant,,,,,,,,,,,,,
838,pot_plantSmall,,,,,2163,,,,furniture_plant,,,,,,,,,,,,,
839,pot_plantSmall,,,,,2263,,,,furniture_plant,,,,,,,,,,,,,
1066,pot_plantSmall,,,,,2262,,,,furniture_plant,,,,,,,,,,,,,
1091,pot_plantSmall,,,,,2261,,,,furniture_plant,,,,,,,,,,,,,
1092,pot_plantSmall,,,,,2260,,,,furniture_plant,,,,,,,,,,,,,
1093,pot_plantSmall,,,,,2259,,,,furniture_plant,,,,,,,,,,,,,
1094,pot_plantSmall,,,,,2258,,,,furniture_plant,,,,,,,,,,,,,
1095,pot_plantSmall,,,,,2257,,,,furniture_plant,,,,,,,,,,,,,
1133,pot_plantSmall,,,,,2254,,,,furniture_plant,,,,,,,,,,,exotic,,
1233,pot_plantSmall,,,,,2253,,,,furniture_plant,,,,,,,,,,,,,
130,paint,,,,,2300,,,,furniture_poster,,,,,,,,,,,,,
131,paint,,,,,2301,,,,furniture_poster,,,,,,,,,,,,,
132,paint,,,,,2302,,,,furniture_poster,,,,,,,,,,,,,
133,paint,,,,,2303,,,,furniture_poster,,,,,,,,,,,,,
134,paint,,,,,2304,,,,furniture_poster,,,,,,,,,,,,,
135,paint,,,,,2305,,,,furniture_poster,,,,,,,,,,,,,
136,paint,,,,,2306,,,,furniture_poster,,,,,,,,,,,,,
137,paint,,,,,2307,,,,furniture_poster,,,,,,,,,,,,,
138,paint,,,,,2308,,,,furniture_poster,,,,,,,,,,,,,
139,paint,,,,,2309,,,,furniture_poster,,,,,,,,,,,,,
140,paint,,,,,2310,,,,furniture_poster,,,,,,,,,,,,,
141,paint,,,,,2311,,,,furniture_poster,,,,,,,,,,,,,
895,paint,,,,,2312,,,,furniture_poster,,,,,,,,,,,,,
896,paint,,,,,2313,,,,furniture_poster,,,,,,,,,,,,,
897,paint,,,,,2314,,,,furniture_poster,,,,,,,,,,,,,
898,paint,,,,,2315,,,,furniture_poster,,,,,,,,,,,,,
899,paint,,,,,2316,,,,furniture_poster,,,,,,,,,,,,,
900,paint,,,,,2317,,,,furniture_poster,,,,,,,,,,,,,
901,paint,,,,,2318,,,,furniture_poster,,,,,,,,,,,,,
902,paint,,,,,2319,,,,furniture_poster,,,,,,,,,,,,,
903,paint,,,,,2320,,,,furniture_poster,,,,,,,,,,,,,
904,paint,,,,,2321,,,,furniture_poster,,,,,,,,,,,,,
905,paint,,,,,2322,,,,furniture_poster,,,,,,,,,,,,,
906,paint,,,,,2323,,,,furniture_poster,,,,,,,,,,,,,
907,paint,,,,,2324,,,,furniture_poster,,,,,,,,,,,,,
908,paint,,,,,2325,,,,furniture_poster,,,,,,,,,,,,,
909,paint,,,,,2326,,,,furniture_poster,,,,,,,,,,,,,
910,paint,,,,,2325,,,,furniture_poster,,,,,,,,,,,,,
911,paint,,,,,2326,,,,furniture_poster,,,,,,,,,,,,,
915,paint,,,,,2410,,,,furniture_poster,,,,,,,,,,,,,
916,paint,,,,,2411,,,,furniture_poster,,,,,,,,,,,,,
917,paint,,,,,2412,,,,furniture_poster,,,,,,,,,,,,,
918,paint,,,,,2413,,,,furniture_poster,,,,,,,,,,,,,
919,paint,,,,,2414,,,,furniture_poster,,,,,,,,,,,,,
912,paint,,,,,2329,,,,furniture_poster,,,,,,,,,,,,,
269,painting1,絵画「猫のいる風景」,,"""The Cat""",,"800,-800,900,-900",,,,furniture_poster,,,,,,,,,,,,,
270,painting1,絵画「無題」,,"""Untitled""",,"801,-801,900,-901",,,,furniture_poster,,,,,,,,,,,,,
271,painting1,絵画「妹のいる風景」,,"""The Younger Sister""",,"802,-802,902,-902",,,,furniture_poster,,,,,,,,,,,,,
272,painting1,絵画「しどけないラーネイレ」,,"""Bewitching Larnneire""",,"803,-803,903,-903",,,,furniture_poster,,,,,,,,,,,,,
273,painting1,絵画「しどけないリアナ」,,"""Bewitching Rianna""",,"810,-810,910,-910",,,,furniture_poster,,,,,,,,,,,,,
267,painting1,絵画「クイーン・セドナ」,,"""Queen Sedona""",,"812,-812,912,-912",,,,furniture_poster,,,,,,,,,,,,,
268,painting1,絵画「貴婦人」,,"""The Lady""",,"813,-813,913,-913",,,,furniture_poster,,,,,,,,,,,,,
275,painting1,絵画「クイーン・セドナ」,,"""Queen Sedona""",,"814,-814,914,-914",,,,furniture_poster,,,,,,,,,,,,,
274,painting1,絵画「貴婦人」,,"""The Lady""",,"815,-815,915,-915",,,,furniture_poster,,,,,,,,,,,,,
920,painting1,絵画「森で」,,"""In the forest""",,"918,-918,918,-918",,,,furniture_poster,,,,,,,,,,,,,
933,painting1,絵画「鏡の中の婦人」,,"""Lady In the Mirror""",,"856,-856,956,-956",,,,furniture_poster,,,,,,,,,,,,,
958,painting1,絵画「謎の影」,,"""Strange Shadow""",,"857,-857,957,-957",,,,furniture_poster,,,,,,,,,,,,,
ps_front,paintsign_side,,,,,2202,,,,furniture_poster,,,,,,,,,oak,,,,
ps_side,paintsign_side,,,,,2203,,,,furniture_poster,,,,,,,,,,,,,
ps_side2,paintsign_side,,,,,2204,,,,furniture_poster,,,,,,,,,,,,,
ps_side3,paintsign_side,,,,,2205,,,,furniture_poster,,,,,,,,,,,,,
ps_side4,paintsign_side,,,,,2206,,,,furniture_poster,,,,,,,,,rosewood,,,,
ps_stand,paintsign_stand,,,,,2201,,,,furniture_poster,,,,,,,,,,,,,
ps_stand2,paintsign_stand,,,,,2207,,,,furniture_poster,,,,,,,,,,,,,
ps_stand3,paintsign_stand,,,,,2208,,,,furniture_poster,,,,,,,,,,,,,
1156,poster,バナー,,banner,,860,,,,furniture_poster,,23,,,,,,,,,,,
1157,poster,バナー,,banner,,861,,,,furniture_poster,,23,,,,,,,,,,,
283,poster,大陸地図,,,,826,,,,furniture_poster,,18,,,,,,,,,,,
284,poster,大陸地図,,,,828,,,,furniture_poster,,18,,,,,,,,,,,
280,poster,,,,,830,,,,furniture_poster,,,,,,,,,,,,,
281,poster,,,,,831,,,,furniture_poster,,,,,,,,,,,,,
282,poster,「パルミア・タイムス」,,"""Palmia Times""",issue,832,,,,furniture_poster,Newspaper,,,,,,,,,,,,
604,poster,,,,,833,,,,furniture_poster,,,,,,,,,,,,,
605,poster,,,,,834,,,,furniture_poster,,,,,,,,,,,,,
606,poster,,,,,835,,,,furniture_poster,,,,,,,,,,,,,
607,poster,,,,,836,,,,furniture_poster,,,,,,,,,hide,,,,
608,poster,,,,,837,,,,furniture_poster,,,,,,,,,,,,,
609,poster,,,,,838,,,,furniture_poster,,,,,,,,,,,,,
610,poster,,,,,839,,,,furniture_poster,,,,,,,,,,,,,
1277,poster,,,,,739,,,,furniture_poster,,,,,,,,,,,,,
1278,poster,,,,,740,,,,furniture_poster,,,,,,,,,,,,,
1279,poster,,,,,741,,,,furniture_poster,,,,,,,,,,,,,
611,poster,,,,,840,,,,furniture_poster,,,,,,,,,,,,,
612,poster,,,,,841,,,,furniture_poster,,,,,,,,,,,,,
613,poster,,,,,842,,,,furniture_poster,,,,,,,,,,,,,
634,poster,,,,,843,,,,furniture_poster,,,,,,,,,,,,,
635,poster,,,,,844,,,,furniture_poster,,,,,,,,,,,,,
636,poster,,,,,845,,,,furniture_poster,,,,,,,,,,,,,
637,poster,,,,,846,,,,furniture_poster,,,,,,,,,,,,,
638,poster,,,,,847,,,,furniture_poster,,,,,,,,,,,,,
639,poster,,,,,848,,,,furniture_poster,,,,,,,,,zylon,,,,
1121,poster,,,,,948,,,,furniture_poster,,,,,,,,,,,,,
1152,poster,掛け軸,,hanging scroll,,"5000,-5000,5100,-5100","1,2,3",,,furniture_poster,,30,,,,,,,,,"exotic,randomSkin",,
1221,poster,扁額,,foreign tablet,,950,1,,,furniture_poster,,30,,,,,,plank/4,oak,,"exotic,randomSkin",,
827,poster,メニューボード,,menu board,,849,,,,furniture_poster,,8,,,,,,,,,,,
285,posterBig,,,,,819,,,,furniture_poster,,,,,,,,,,,,,
388,tapestry1,,,,,824,,,,furniture_poster,,,,,,,,,,,,,
389,tapestry1,,,,,825,,,,furniture_poster,,,,,,,,,,,,,
1280,tapestry1,,,,,823,,,,furniture_poster,,,,,,,,,,,,,
561,tapestry1,旗,,flag,,717,,,,furniture_poster,,,,,,,,dye/1,rubinus,,,,
ps_tap1,tapestry1,,,,,854,,,,furniture_poster,PaintBoard,,,,,,,dye/1,rubinus,,,,
ps_tap2,tapestry1,,,,,855,,,,furniture_poster,PaintBoard,,,,,,,dye/1,rubinus,,,,
1062,stall,,,,,,,,,furniture_special,,,,,,,,,,,,,
1063,stall,脱衣室,,changing room,,3104,,,,furniture_special,ChangingRoom,,,,,,,texture,silk,ext,,,
1201,stall,小屋,,shed,,3110,,,,furniture_special,,,,,,,,"log/10,plank/10",oak,,,,
621,counter,,,,,"2931,-2931,2931,-2931",,,,furniture_table,,,,,,,,,,,,,
622,counter,,,,,"2935,-2935,2935,-2935",,,,furniture_table,,,,,,,,plank/1,oak,,,,
623,counter_corner,,,,,"2932,2934,2933,-2934",,,,furniture_table,,,,,,,,,,,,,
624,counter_corner,,,,,"2936,2938,2937,-2938",,,,furniture_table,,,,,,,,plank/1,oak,,,,
436,table,大きなテーブル,,big table,,1522,,,,furniture_table,,,,720,,,,"log/2,stick/2",,,,,
439,table,モダンなテーブル,,modern table,,1814,,tiletype/Obj,,furniture_table,,,,1000,,,factory_metal,"ingot/6,plank/3",plastic,,,,
441,table,モダンなミニテーブル,,modern mini table,,1815,,,,furniture_table,,,,700,,,factory_metal,"ingot/4,plank/2",plastic,,,,
440,table,モダンな長いテーブル,,modern long table,,1823,,,,furniture_table,,,,900,,,factory_metal,"ingot/5,plank/2",plastic,,,,
437,table,石の長いテーブル,,stone long table,,1825,,,,furniture_table,,,,450,,,factory_stone,cutstone/8,granite,,,,
590,table,ラウンドテーブル,,round table,,1925,,tiletype/Obj,,furniture_table,,,,680,,,,"plank/4,nail/1",,,,,
591,table,ラウンドテーブル,,round table,,1926,,tiletype/Obj,,furniture_table,,,,640,,,,"log/2,nail/1",,,,,
1218,table,奉納酒,,sake barrel,,2125,,tiletype/Obj,,furniture_table,,20,,1500,,,,"texture/4,rope/2,#booze/2",cotton,,,,
1209,table,丸太のテーブル,,log table,,2126,,tiletype/Obj,,furniture_table,,,,500,,,,log/5,,,,,
1210,table,,,,,2127,,tiletype/Obj,,furniture_table,,,,700,,,,"plank/4,nail/1",,,,,
1211,table,,,,,2128,,tiletype/Obj,,furniture_table,,,,1100,,,,"plank/8,nail/2",,,,,
592,table,ラウンドテーブル,,round table,,1927,,tiletype/Obj,,furniture_table,,,,1200,,,loom,"texture/4,plank/4",cotton,,,,
963,table,ラウンドテーブル,,round table,,1930,,tiletype/Obj,,furniture_table,,,,800,,,loom,"texture/3,892/2",cotton,,,,
438,table,書斎机,,study desk,,"1824,-1824,1924,-1924",,,,furniture_table,,12,,1500,,,,"plank/4,ingot/2",oak,,,,
435,table,,,,,,,,,furniture_table,,,,600,,,,"log/2,stick/2",,,,,
384,table_cook,,,,,1416,,,,furniture_table,,12,,500,,,factory_stone,"cutstone/4,plank/4",,,,,
387,table_cook,流し台,,sink,,1420,,,,furniture_table,,13,,800,,,factory_stone,"cutstone/4,drink/4",,,,,
385,table_cook,,,,,1424,,,,furniture_table,,12,,350,,,factory_stone,cutstone/6,,,,,
386,table_cook,流し台,,sink,,1425,,,,furniture_table,,13,,300,,,factory_stone,cutstone/4,,,,,
1262,table_cook,流し台,,sink,,"1861,-1861,1860,-1860",,,,furniture_table,,13,,300,,,factory_stone,cutstone/4,,,,,
651,window,,,,,2400,,window_big,,furniture_window,,8,,700,,,,"plank/2,glass/2",,,,,
652,window,,,,,2402,,window_big,,furniture_window,,8,,700,,,,"plank/2,glass/2",,,,,
973,window,,,,,2404,,window_big,,furniture_window,,8,,600,,,,"plank/4,glass/1",,,,,
974,window,丸窓,,round window,,2406,,window_big,,furniture_window,,20,,750,,,,"plank/2,glass/2",,,,,
975,window,丸窓,,round window,,2408,,window_big,,furniture_window,,20,,750,,,,"plank/2,glass/2",,,,,
1132,window,丸窓,,round window,,2415,,window_big,,furniture_window,,22,,800,,,,"plank/2,glass/1,texture/1",,,exotic,,
427,window,小窓,,small window,,2500,,,,furniture_window,,4,,400,,,,"plank/1,glass/1",,,,,
428,window,小窓,,small window,,2502,,,,furniture_window,,4,,400,,,,"plank/1,glass/1",,,,,
1168,window,草の小窓,,small grass window,,2417,,,,furniture_window,,6,,240,,Starter,workbench,"grass,branch",grass,,,,
1193,window,小窓,,small window,,2421,,window_small,,furniture_window,,4,,500,,,factory_wood,plank/3,oak,,,,
616,window,,,,,2509,,window_big,,furniture_window,,8,,700,,,,"plank/2,glass/2",,,,,
617,window,ステンドグラスの窓,,stained glass window,,2511,,window_stained,,furniture_window,,32,,1400,,,,"plank/1,glass/6",,,,,
614,windowL,,,,,1605,,window_huge,,furniture_window,,25,,1200,,,,"cutstone/4,glass/4",granite,,,,
625,windowL,,,,,1607,,window_huge,,furniture_window,,25,,1000,,,,"plank/4,glass/4",,,,,
615,windowL,ステンドグラスの窓,,stained glass window,,1609,,window_stainedL,,furniture_window,,32,,1800,,,,"plank/2,glass/8",,,,,
343,roomPlate,,,,,1827,,,,home,,,,,,,,,,,,,
342,roomPlate,,,,,,,,,home,,,,,,,,,,,,,
369,signpost,,,,,1919,,,,home,,5,,400,,,factory_sign,"log/2,vine/1",,,,,
3,board,,,,,1412,,,,home_board,,,,,,,,,,,,,
4,board,,,,,2114,,,,home_board,,,,,,,,,,,,,
5,board,,,,,1917,,,,home_board,,,,,,,,,,,,,
363,sign,畑の立札,,farm sign,,3101,,,,home_sign,SpotFarm,,,,,*,factory_sign,,,,,農民が農作業をする区域を指定するための立札だ。,A sign designating the area for farmers to do agricultural work.
364,sign,釣り場の立札,,fishing sign,,3102,,,,home_sign,SpotFish,,,,,*,factory_sign,,,,,釣り人が釣りをする区域を指定するための立札だ。,A sign designating the area for anglers to fish.
365,sign,牧場の立札,,ranch sign,,3103,,,,home_sign,SpotRanch,,,,,*,factory_sign,,,,,家畜を集めておく区域を指定するための立札だ。,A sign designating the area for gathering livestock.
366,sign,木こりの立札,,lumberjack sign,,3104,,,,home_sign,SpotLumberjack,,,,,*,factory_sign,,,,,木こりが伐採する区域を指定するための立札だ。,A sign designating the area for loggers to cut down trees.
367,sign,ゴミ捨て場の立札,,garbage dump sign,,3105,,,,home_sign,SpotGarbage,,,,,*,factory_sign,,,,,ゴミを置いておく区域を指定するための立札だ。,A sign designating the area for placing trash.
368,sign,資源置き場の立札,,stockpile sign,,3106,,,,home_sign,SpotStockpile,,,,,*,factory_sign,,,,,生産品などを置いておく区域を指定するための立札だ。,A sign designating the area for storing produced goods.
1173,sign,商品在庫の立札,,goods stock sign,,3110,,,,home_sign,SpotStock,6,,,,*,factory_sign,,,,,補充する産品を置いておく区域を指定するための立札だ。,A sign designating the area for storing replenishment products.
1222,sign,燃料置き場の立札,,fuel storage sign,,3111,,,,home_sign,SpotFuel,6,,,,*,factory_sign,,,,,燃料を置いておく区域を指定するための立札だ。,A sign designating the area for storing fuel.
1225,sign,(予定)訓練場の立札,,(planned) training spot sign,,3113,,,,home_sign,SpotTraining,10,,,,,,,,,,戦闘訓練する区域を指定するための立札だ。訓練設備を置いておくと、住人が暇な時間に訓練するようになる。,A sign designating the area for combat training. Residents will use their free time to train if training equipment are placed. 
1226,sign,(予定)礼拝場の立札,,(planned) prayer spot sign,,3114,,,,home_sign,SpotPrayer,10,,,,,,,,,,神に祈りを捧げる区域を指定するための立札だ。祭壇を設置しておくと、信心深い住人が信仰を深めるようになる。,A sign designating the area for praying. Faithful residents will deepen their devotion here if altars are placed.
1227,sign,食堂の立札,,dining spot sign,,3115,,,,home_sign,SpotDining,10,,,,*,factory_sign,,,,,食事をする区域を指定するための立札だ。食堂で食事をすると食事効果が上昇するが、微々たるものだ。,"A sign designating the area for dining. Eating in the dining spot provides a slight boost to the meal's effects, though it's minimal."
1267,sign,植林の立札,,forestation spot sign,,3117,,,,home_sign,SpotBiome,9,,,,*,factory_sign,,,,,草木が成長する区域を指定するための立札だ。草木以外のものが生まれることもよくある。,"A sign designating the area for plant growth, though other things may also emerge."
1224,sign,道案内の立札,,guide sign,,3112,,,,home_sign,SpotGuidePC,,,,,*,factory_sign,,,,,拠点に入った時の出現位置を指定するための立札だ。,A sign designating the spawning spot when entering home.
sign_spawnThing,sign,特殊立札(物),,editor sign(Thing),,3108,,,,home_sign,EditorSign,,0,,,,,,,,"editor,noWish",,
sign_spawnChara,sign,特殊立札(生物),,editor sign(Creature),,3109,,,,home_sign,EditorSign,,0,,,,,,,,"editor,noWish",,
catTeleport,catalyst,テレポート,,teleport,,1110,,,SpTeleport,item,,,,,,,,,,,,,
catReturn,catalyst,帰還,,return,,1112,,,SpReturn,item,,,,,,,,,,,,,
22,catalyst,脱出,,evacuation,,1112,,,SpEvac,item,,,,,,,,,,,,,
catSteal,catalyst,窃盗,,steal,,1113,,,AI_Steal,item,,,,,,,,,,,,,
19,catalyst,ブレス,,breathe,,1114,,,breathe_Fire,item,,,,,,,,,,,,,
20,catalyst,猫の目,,cat's eyes,,1115,,,SpCatsEye,item,,,,,,,,,,,,,
21,catalyst,軽傷治療,,heal light wound,,1116,,,SpHealLight,item,,,,,,,,,,,,,
wrench_storage,wrench,収納箱用のレンチ《倉庫》,,storage upgrade for storage chest,wrench,1206,,,,item,"Wrench,storage",,,,,,,,,,,★収納箱に使うことで、★収納数の上限を上昇させることができるレンチだ。地面に設置したアイテムに使用する必要がある。,A wrench that can be used to increase the storage capacity of ★Storage Chest. It must be used on an item placed on the ground.
wrench_fridge,wrench,収納箱用のレンチ《冷却》,,cooler upgrade for storage chest,wrench,1206,,,,item,"Wrench,fridge",,,,,,,,,,,★収納箱に使うことで、冷蔵機能を強化することができるレンチだ。地面に設置したアイテムに使用する必要がある。,A wrench that can enhance the refrigeration function of ★Storage Chest. It must be used on an item placed on the ground.
wrench_extend_v,wrench,普通のコンテナ用のレンチ《高さ増設》,,vertical upgrade for common storage,wrench,1206,,,,item,"Wrench,extend_v",,,,,,,,,,,普通のコンテナに使うことで、一度だけ高さを拡張できるレンチだ。地面に設置したアイテムに使用する必要がある。,A wrench that can extend the height of a common container only once. It must be used on an item placed on the ground.
wrench_extend_h,wrench,普通のコンテナ用のレンチ《幅増設》,,horizontal upgrade for common storage,wrench,1206,,,,item,"Wrench,extend_h",,,,,,,,,,,普通のコンテナに使うことで、一度だけ幅を拡張できるレンチだ。地面に設置したアイテムに使用する必要がある。,A wrench that can extend the width of a common container only once. It must be used on an item placed on the ground.
wrench_bed,wrench,ベッド用のレンチ《定員増加》,,capacity upgrade for bed,wrench,1206,,,,item,"Wrench,bed",,,,,,,,,,,ベッドに使うことで、寝れる人数を増やすことができるレンチだ。地面に設置したアイテムに使用する必要がある。,A wrench that can increase the capacity of a bed. It must be used on an item placed on the ground.
wrench_tent_elec,wrench,テント用のレンチ《電力》,,electricity upgrade for tent,wrench,1206,,,,item,"Wrench,tent_elec",,,,,,,,,,,テントに使うことで、テント内に僅かな電力を供給することができるレンチだ。地面に設置したアイテムに使用する必要がある。テントに一度も入っていない状態では使えない。,A wrench that can provide a small amount of power to a tent. It must be used on an item placed on the ground. It cannot be used if you have never entered the tent.
wrench_tent_soil,wrench,テント用のレンチ《土壌》,,soil upgrade for tent,wrench,1206,,,,item,"Wrench,tent_soil",,,,,,,,,,,テントに使うことで、テント内の肥沃度を上昇することができるレンチだ。地面に設置したアイテムに使用する必要がある。テントに一度も入っていない状態では使えない。,A wrench that can increase fertility level inside a tent. It must be used on an item placed on the ground. It cannot be used if you have never entered the tent.
wrench_tent_seabed,wrench,テント用のレンチ《アクアリウム》,,aquarium upgrade for tent,wrench,1206,,,,item,"Wrench,tent_seabed",,,,,,,,,,,テントに使うことで、テントのバイオームを海底に変えることができるレンチだ。地面に設置したアイテムに使用する必要がある。テントに一度も入っていない状態では使えない。,A wrench that can change the biome of tent to the ocean floor. It must be used on an item placed on the ground. It cannot be used if you have never entered the tent.
hat_mushroom,hat,きのこの帽子,,mushroom hat,,"1325,1328,1329",,,,item,,,,,,,,,,,,,
hat_witch,hat,魔女の帽子,,witch's hat,,1326,,,,item,,,,,,,,,,,,,
hat_kumiromi,hat,クミロミハット,,kumiromi hat,,1327,,,,item,,,,,,,,,,,,,
hat_santa,hat,サンタの帽子,,santa hat,,1335,,,,item,,,,,,,,,,,,,
hat_setsubun1,mask,鬼のお面,,oni mask,,4700,,,,item,,,,,,,,,,,,,
hat_setsubun2,mask,おかめのお面,,okame mask,,4701,,,,item,,,,,,,,,,,,,
mask_fox,mask,狐のお面,,fox mask,,4702,,,,item,,,,,,,,,,,,,
mask_hyottoko,mask,ひょっとこのお面,,hyottoko mask,,4703,,,,item,,,,,,,,,,,,,
mask_tengu,mask,天狗のお面,,tengu mask,,4704,,,,item,,,,,,,,,,,,,
mask_jason,mask,殺人鬼の仮面,,serial killer mask,,4705,,,,item,,,,,,,,,,,,,
mask_anon,mask,アノニマスの仮面,,anonymous mask,,4706,,,,item,,,,,,,,,,,,,
mask_pest,mask,ペストマスク,,plague doctor mask,,4707,,,,item,,,,,,,,,,,,,
142,head,,,,,2008,,,,junk,,,,,,,,,,,,,
143,head,,,,,2009,,,,junk,,,,,,,,,,,,,
144,head,,,,,2010,,,,junk,,,,,,,,,,,,,
145,head,,,,,2011,,,,junk,,,,,,,,,,,,,
146,head2,,,,,2703,,,,junk,,,,,,,,,,,,,
147,head2,,,,,2704,,,,junk,,,,,,,,,,,,,
148,head2,,,,,2705,,,,junk,,,,,,,,,,,,,
149,head2,,,,,2706,,,,junk,,,,,,,,,,,,,
150,junk,鍋,,pot,,2300,,,,junk,,,,,,,,scrap,gold,pot,,,
151,junk,鍋,,pot,,2301,,,,junk,,,,,,,,scrap,gold,pot,,,
152,junk,食器の山,,dish pile,,2302,,,,junk,,,,,,,,,,,,,
153,junk,鍋,,pot,,2303,,,,junk,,,,,,,,scrap,iron,pot,,,
154,junk,小さいぬいぐるみ,,small plushie,,2304,,,,junk,,,,,,,,,,,,,
155,junk,,,,,2305,,,,junk,,,,,,,,,,,,,
156,junk,バケツ,,bucket,,2306,,,,junk,,,,,,,,,,,,,
157,terra_globe,地球儀,,globe,,4800,,"anime/4/200,ex/amb_globe",,junk,,,,,,,,,,globe,rareResource,,
158,junk,石くず,,stone rubble,,2308,,,,junk,,,,,,,,,,,,,
159,junk,食器,,tableware,,2309,,,,junk,,,,,,,,,,,,,
160,junk,食器の山,,tableware,pile,2310,,,,junk,,,,,,,,,,,,,
161,junk,汚れた食器,,dirty tableware,,2311,,,,junk,,,,,,,,,,,,,
162,junk,汚れた食器の山,,dirty tableware,pile,2312,,,,junk,,,,,,,,,,,,,
163,junk,小さいぬいぐるみ,,small stuffed toy,,2313,,,,junk,,,,,,,,,,,,,
164,junk,ボール,,bowl,,2314,,,,junk,,,,,,,,,gold,,,,
165,junk,天秤,,iron scale,,2315,,,,junk,,,,,,,,,gold,,,,
166,junk,盃,,cup,,2316,,,,junk,,,,,,,,,gold,,,,
167,junk,ツボ,,vase,,2317,,,,junk,Vase,,,,,,,,gold,,,,
168,junk,盃,,cup,,2318,,,,junk,,,,,,,,,gold,,,,
169,terra_globe,古い地球儀,,old globe,,4804,,"anime/4/200,ex/amb_globe",,junk,,,,,,,,,,globe,,,
170,junk,モダンなオブジェ,,modern art,,2320,,,,junk,,,,,,,,scrap,iron,,,,
171,junk,桶,,bucket,,2321,,,,junk,,,,,,,,,,,,,
172,junk,異国のティーポット,,exotic teapot,,2322,,,,junk,,,,,,,,,,,exotic,,
667,junk,皿,,dish,,2323,,,,junk,,,,,,,,,,,,,
668,junk,汚れた皿,,dirty dish,,2324,,,,junk,,,,,,,,,,,,,
742,junk,ほうき,,broom,,2325,,,,junk,Broom,,,,,,,,,,,,
752,junk,袋,,sack,,2326,,,,junk,Sack,,,,,,,texture,,,,,
753,junk,袋,,sack,,2327,,,,junk,Sack,,,,,,,texture,,,,,
804,junk,葉っぱの皿,,leaf dish,,2329,,,,junk,,5,,250,,,factory_tinker,leaf_palulu,grass,,,,
815,junk,木彫りの像,,wooden figure,,2331,,,,junk,,,,,,,,log/1,cedar,souvenir,,,
816,junk,木彫りの像,,wooden figure,,2332,,,,junk,,,,,,,,log/1,cedar,souvenir,,,
1297,junk,石像,,stone figure,,2355,,,,junk,,28,,,,,factory_stone,rock/3,granite,souvenir,,,
1298,junk,石像,,stone figure,,2356,,,,junk,,28,,,,,factory_stone,rock/3,granite,souvenir,,,
1256,junk,精霊馬,,spirit horse,,2661,,,,junk,,,,,,,,log/1,cedar,souvenir,,,
1257,junk,精霊馬,,spirit horse,,2662,,,,junk,,,,,,,,log/1,cedar,souvenir,,,
835,junk,金貨の山,,coins,pile,2333,,,,junk,,,,,,,,ingot,gold,,,,
836,junk,王冠,,crown,,2334,,,,junk,,30,200,4000,,,,ingot,gold,,rareResource,,
869,junk,ラバーダック,,rubber duck,,2335,,,,junk,,,,,,,,fiber,plastic,,,,
929,junk,ミートミンサー,,meat mincer,,2336,,,,junk,,,,,,,,ingot,iron,,,,
930,junk,墓,,grave,,2337,,,,junk,Grave,,0,1,,,,log,cedar,,,,
950,junk,墓,,grave,,2338,,,,junk,Grave,,0,1,,,,log,cedar,,,,
951,junk,墓,,grave,,2341,,,,junk,Grave,,0,1,,,,log,cedar,,,,
952,junk,墓,,grave,,2342,,,,junk,Grave,,0,1,,,,log,cedar,,,,
931,junk,墓,,grave,,2339,,,,junk,Grave,,0,10,,,,cutstone,granite,,,,
947,junk,墓,,grave,,2340,,,,junk,Grave,,0,10,,,,cutstone,granite,,,,
948,junk,墓,,grave,,2346,,,,junk,Grave,,0,10,,,,cutstone,granite,,,,
949,junk,墓,,grave,,2347,,,,junk,Grave,,0,10,,,,cutstone,granite,,,,
944,junk,墓,,grave,,2343,,,,junk,Grave,,0,50,,,,ingot,gold,,,,
945,junk,墓,,grave,,2344,,,,junk,Grave,,0,50,,,,ingot,gold,,,,
946,junk,墓,,grave,,2345,,,,junk,Grave,,0,50,,,,ingot,gold,,,,
backerGrave,junk,墓,,grave,,2348,,,,junk,Grave,,0,50,,,,ingot,silver,,,,
backerGrave2,junk,墓,,grave,,2349,,,,junk,Grave,,0,50,,,,ingot,silver,,,,
173,junk,かつら,,wig,,2700,,,,junk,,,,,,,,,,,,,
519,junk,かつら,,wig,,2701,,,,junk,,,,,,,,,,,,,
520,junk,かつら,,wig,,2702,,,,junk,,,,,,,,,,,,,
521,junk,かつら,,wig,,2707,,,,junk,,,,,,,,,,,,,
522,junk,かつら,,wig,,2708,,,,junk,,,,,,,,,,,,,
523,junk,かつら,,wig,,2709,,,,junk,,,,,,,,,,,,,
524,junk,かつら,,wig,,2710,,,,junk,,,,,,,,,,,,,
525,junk,三角コーン,,cone,,2711,,,,junk,,,,,,,,,,,,,
574,junk,ミニスノーマン,,mini snowman,,2712,,,,junk,,,,,,,,,,,,,
575,junk,実験器具,,research equipment,,2713,,,,junk,,,,,,,,scrap,iron,,,,
957,junk,ランプ軸,,lamp socket,,"1437,1438",,,,junk,,,,,,,,dye/1,rubinus,,,,
979,junk,置時計,,table clock,,1732,,,,junk,,,,,,,,log,oak,,,,
980,junk,置時計,,table clock,,1733,,,,junk,,,,,,,,log,oak,,,,
1022,junk,チェスボード,,chess board,,1734,,,,junk,,,,,,,,log,oak,,,,
1027,junk,本,,book,,"1735,-1735,1736,-1736",,,,junk,,,,,,,,dye,rubinus,,,,
1068,junk,ヤカン,,kettle,,2350,,,,junk,,,,,,,,ingot,iron,,,,
1074,junk,頭蓋骨,,skull,,2351,,,,junk,,,,,,,,bone,bone,,,,
1075,junk,皿,,dish,,"2353,-2353,2352,-2352",,,,junk,,,,,,,,ingot,plastic,,,,
1153,junk,皿,,dish,,2354,,,,junk,,,,,,,,ingot,plastic,,,,
1236,junk,ボロ布,,ragged cloth,,1850,3,"ex/amb_rag1,anime/3/260",,junk,,,,,,,,texture,wool,,randomSkin,,
1259,junk,折れた刃,,broken sword,,2756,,,,junk,,,,,,,,ingot,iron,,,,
1295,junk,サイコロ,,dice,,"3140,3141,3142,3143,3144,3145",,,,junk,Dice,,,,,,,ingot,plastic,,noHeldDir,,
814,junkFlat,飾られたナイフの箱,,decorated knives,box,2330,,,,junk,,,,,,,,log/1,cedar,,,,
174,junkFlat,ティーセット,,tea set,,2400,,,,junk,,,,,,,,,,,,,
175,junkFlat,冷えたお酒,,chilled drink,,2401,,,,junk,,,,,,,,,,,,,
176,junkFlat,ボール,,bowl,,2402,,,,junk,,,,,,,,log,oak,,,,
177,junkFlat,ティーセット,,tea set,,2403,,,,junk,,,,,,,,,,,,,
178,junkFlat,洗い物,,washing tub,,2404,,,,junk,,,,,,,,,,,,,
179,junkFlat,ボール,,bowl,,2405,,,,junk,,,,,,,,log,oak,,,,
180,junkFlat,洗い物,,washing tub,,2406,,,,junk,,,,,,,,log,oak,,,,
181,junkFlat,石くず,,stone rubble,,2407,,,,junk,,,,,,,,,,,,,
182,junkFlat,木くず,,wood rubble,,2408,,,,junk,,,,,,,,log,oak,,,,
183,junkFlat,木くず,,wood rubble,,2409,,,,junk,,,,,,,,log,oak,,,,
184,junkFlat,骨くず,,bone rubble,,2410,,,,junk,,,,,,,,bone,bone,,,,
185,junkFlat,骨くず,,bone rubble,,2411,,,,junk,,,,,,,,bone,bone,,,,
186,junkFlat,石くず,,stone rubble,,2412,,,,junk,,,,,,,,,,,,,
187,junkFlat,石くず,,stone rubble,,2413,,,,junk,,,,,,,,,,,,,
188,junkFlat,色々な薬品,,chemical,,2414,,,,junk,,,,,,,,,,,,,
189,junkFlat,書簡,,letter,,2415,,,,junk,,,,,,,,fiber,paper,,,,
190,junkFlat,書簡,,letter,,2416,,,,junk,,,,,,,,fiber,paper,,,,
191,junkFlat,紙くず,,paper scrap,,2417,,,,junk,,,,,,,,fiber,paper,,,,
192,junkFlat,工具,,tool,,2418,,,,junk,,,,,,,,,,,,,
193,junkFlat,散らかった本,,book pile,,2419,,,,junk,,,2000,,,,,fiber,grass_forest,,,,
194,junkFlat,研究器具,,research equipment,,2420,,,,junk,,,,,,,,,,,,,
195,junkFlat,帳簿,,ledger,,2421,,,,junk,,,,,,,,fiber,paper,,,,
196,junkFlat,散らかった本,,book pile,,2422,,,,junk,,,2000,,,,,fiber,paper,,,,
197,junkFlat,散らかった本,,book pile,,2423,,,,junk,,,2000,,,,,fiber,paper,,,,
198,junkFlat,ビーカー,,beaker,,2424,,,,junk,,,,,,,,,,,,,
199,junkFlat,ビーカー,,beaker,,2425,,,,junk,,,,,,,,,,,,,
200,junkFlat,ビーカー,,beaker,,2426,,,,junk,,,,,,,,,,,,,
201,junkFlat,ビーカー,,beaker,,2427,,,,junk,,,,,,,,,,,,,
202,junkFlat,盃,,cup,,2428,,,,junk,,,,,,,,,,,,,
203,junkFlat,ボール,,bowl,,2429,,,,junk,,,,,,,,,,,,,
204,junkFlat,散らかった本,,book pile,,2430,,,,junk,,,2000,,,,,fiber,paper,,,,
205,junkFlat,積み重なった書類,,paper pile,,2431,,,,junk,,,,,,,,fiber,paper,,,,
206,junkFlat,散らばった紙,,paper scrap,,2432,,,,junk,,,3000,,,,,fiber,paper,,,,
207,junkFlat,散らばった紙,,paper scrap,,2433,,,,junk,,,3000,,,,,fiber,paper,,,,
208,junkFlat,染み,,stain,,2434,,,,junk,,,,,,,,,,,,,
492,junkFlat,魔法陣,,magic circle,,2435,,,,junk,,,,,,,,,ether,,,,
1087,junkFlat,本の山,,book pile,,2436,,,,junk,,,,,,,,dye,rubinus,,,,
1088,junkFlat,本の山,,book pile,,2437,,,,junk,,,,,,,,dye,rubinus,,,,
495,junkFlat,石くず,,stone rubble,,2438,,,,junk,,,,,,,,rock,diorite,,,,
496,junkFlat,石くず,,stone rubble,,2439,,,,junk,,,,,,,,rock,granite,,,,
526,junkFlat,散らかった本,,cluttered book,,2440,,,,junk,,,2000,,,,,fiber,zylon,,,,
527,junkFlat,カード,,card,,2441,,,,junk,,,,,,,,fiber,paper,,,,
528,junkFlat,カード,,card,,2442,,,,junk,,,,,,,,fiber,paper,,,,
529,junkFlat,空き缶,,empty can,,2443,,,,junk,,,3000,,,,,scrap,copper,,,,
530,junkFlat,砂時計,,sand clock,,2444,,,,junk,,,,,,,,,,,,,
531,junkFlat,本の山,,book pile,,2445,,,,junk,,,,,,,,fiber,paper,,,,
532,junkFlat,ティーポット,,tea pot,,2446,,,,junk,,,,,,,,,,,,,
533,junkFlat,トースター,,toaster,,2447,,,,junk,,,,,,,,scrap,iron,,,,
534,junkFlat,実験器具,,research equipment,,2448,,,,junk,,,,,,,,scrap,iron,,,,
535,junkFlat,花,,flower,,2449,,no_color,,junk,,,,,,,,,,deco,,,
536,junkFlat,花,,flower,,2450,,no_color,,junk,,,,,,,,,,deco,,,
537,junkFlat,花,,flower,,2451,,no_color,,junk,,,,,,,,,,deco,,,
538,junkFlat,花,,flower,,2452,,no_color,,junk,,,,,,,,,,deco,,,
841,junkFlat,花,,flower,,2453,,no_color,,junk,,,,,,,,,,deco,,,
842,junkFlat,書簡,,letter,,2454,,,,junk,,,,,,,,fiber,paper,,,,
843,junkFlat,書簡,,letter,,2455,,,,junk,,,,,,,,fiber,paper,,,,
1099,junkFlat,双眼鏡,,binocular,,2456,,,,item,Binocular,18,50,2200,,,factory_tinker,"ingot/1,glass/4,string/2,microchip/1",iron,_item,,精巧なレンズにより遠くの風景を見ることができる道具だ。グローバルマップで使うこともできる。,tool with a finely crafted lens that allows you to view distant landscapes. Can also be used on the global map.
1100,junkFlat,目覚まし時計,,alarm clock,,2457,,,,junk,,,,,,,,ingot,steel,,,,
1101,junkFlat,コーン,,cone,,2458,,,,junk,,,,,,,,dye,rubinus,,,,
1120,junkFlat,晩酌セット,,evening drink set,,2459,,,,junk,,,,,,,,log,oak,,,,
1177,junk,ビーチボール,,beach ball,,2460,,,,junk,Ball,,,,,,,texture,plastic,,throwWeapon,,
1178,junkFlat,ラバープチ,,rubber putit,,2461,,,,junk,,,,,,,,fiber,plastic,,,,
1179,junkFlat,ラバーカタツムリ,,rubber snail,,2462,,,,junk,,,,,,,,fiber,plastic,,,,
1180,junkFlat,ラッキーキャット,,lucky cat,,2463,,,,junk,,27,,,,,factory_accessory,ingot/2,gold,,,,
209,junkFlat,縄くず,,junk rope,,2600,,,,junk,,,,,,,,fiber,wool,,,,
210,junkFlat,縄くず,,junk rope,,2601,,,,junk,,,,,,,,fiber,wool,,,,
211,junkFlat,散らかった服,,cloth pile,,2602,,,,junk,,,,,,,,texture,wool,,,,
212,junkFlat,タオル,,towel,,2603,,,,junk,,,,,,,,fiber,wool,,,,
213,junkFlat,タオル,,towel,,2604,,,,junk,,,,,,,,fiber,wool,,,,
214,junkFlat,コンパス,,compass,,2605,,,,junk,,,,,,,,,,,,,
215,junkFlat,のこぎり,,saw,,2606,,,,junk,,,,,,,,,,,,,
216,junkFlat,紙,,paper,,2607,,,,junk,,,,,,,,fiber,paper,,,,
217,junkFlat,紙,,paper,,2608,,,,junk,,,,,,,,fiber,paper,,,,
218,junkFlat,紙,,paper,,2609,,,,junk,,,,,,,,fiber,paper,,,,
219,junkFlat,どうでもいい地図,,junk map,,2610,,,,junk,,,,,,,,fiber,paper,,,,
220,junkFlat,どうでもいい巻物,,junk scroll,,2611,,,,junk,,,,,,,,fiber,paper,,,,
221,junkFlat,どうでもいい巻物,,junk scroll,,2612,,,,junk,,,,,,,,fiber,paper,,,,
222,junkFlat,皿,,plate,,2613,,,,junk,,,,,,,,,,,,,
223,junkFlat,皿,,plate,,2614,,,,junk,,,,,,,,,,,,,
224,junkFlat,皿,,plate,,2615,,,,junk,,,,,,,,,,,,,
225,junkFlat,ボール,,Bowl,,2616,,,,junk,,,,,,,,,,,,,
226,junkFlat,ボール,,Bowl,,2617,,,,junk,,,,,,,,,,,,,
227,junkFlat,ペンキ,,paint,can,2618,,,,junk,,,,,,,,,,,,,
228,junkFlat,工具,,tool,,2619,,,,junk,,,,,,,,scrap,iron,,,,
229,junkFlat,工具,,tool,,2620,,,,junk,,,,,,,,scrap,iron,,,,
230,junkFlat,研究器具,,research equipment,,2621,,,,junk,,,,,,,,,,,,,
231,junkFlat,薬のビン,,medicine bottle,,2622,,,,junk,,,,,,,,,,,,,
232,junkFlat,書類,,document,,2623,,,,junk,,,,,,,,fiber,paper,,,,
233,junkFlat,海パン,,sea pants,,2624,,,,junk,,,,,,,,texture,wool,,,,
1130,junkFlat,花束,,bouquet,,"2643,-2643,2644,-2644",,,,junk,,,,,,,,grass,grass,,,,
1131,junkFlat,花束,,bouquet,,"2645,-2645,2646,-2646",,,,junk,,,,,,,,grass,grass,,,,
1294,junkFlat,花束,,bouquet,,2843,,,,junk,Ball,,,,,,,grass,grass,,throwWeapon,,
1143,junkFlat,下駄,,sandal,pair,2647,,,,junk,,,,,,,,log,pine,,exotic,,
1144,junkFlat,草履,,sandal,pair,2648,,,,junk,,,,,,,,grass,grass,,exotic,,
1170,junkFlat,空き缶,,empty can,,2649,,,,junk,,,2000,,,,,scrap,copper,,,,
1186,junkFlat,ライトスタンド,,light stand,,2650,,,,junk,,,,,,,,scrap,gold,,,,
1223,junkFlat,バナナの皮,,banana peel,,2656,,,banana,junk,BananaPeel,,,,,,,fiber,meat,,,,
1203,junkFlat,採掘道具,,mining equipment,,"2651,2652,2653",,,,junk,,,,,,,,scrap,iron,,,,
1216,junkFlat,扇子,,fan,,2654,,,,junk,,,,,,,,texture,paper,,,,
1231,junkFlat,木彫りの熊,,carved wooden bear,,2657,,,,junk,,6,,,,,factory_accessory,log/2,oak,,,,
scrubber,junkFlat,たわし,,scrubber,,2658,,,,junk,,,0,,,,,fiber,oak,,,,
tissue,junkFlat,ティッシュ,,tissue,,2659,,,,junk,,,0,,,,,fiber,soil_blue,,,,
1243,junkFlat,王将,,king piece,,2625,,,,junk,,,0,,,,,plank,pine,,exotic,,
1244,junkFlat,だるま,,foreign doll,,2528,,,,junk,,,0,,,,,log,pine,,exotic,,
1245,junkFlat,ラッキーキャット,,lucky cat,,2529,,,,junk,,,0,,,,,scrap,platinum,,,,
235,junkFlat,北からの漂着物,,flotsam from the north,,2626,,,,junk,,,,,,,,scrap,copper,,,,
236,junkFlat,空き缶,,empty can,,2627,,,,junk,,,2000,,,,,scrap,copper,,,,
237,junkFlat,長靴,,boots,,2628,,,,junk,,,,,,,,,,,,,
725,junkFlat,動物の骨,,animal bone,,2629,,,,junk,,,3000,,,,,bone,bone,,garbage,,
bone_duponne,junkFlat,大食いトドの骨,,hungry sea lion bone,,3004,,unique,,junk,,,0,,,,,bone,bone,,garbage,,
726,junkFlat,空き瓶,,empty bottle,,2630,,no_color,,junk,,,5000,,,,,fragment,glass,,garbage,,
727,junkFlat,空き瓶,,empty bottle,,2631,,no_color,,junk,,,5000,,,,,fragment,glass,,garbage,,
728,junkFlat,空き瓶,,empty bottle,,2632,,no_color,,junk,,,5000,,,,,fragment,glass,,garbage,,
729,junkFlat,散らばった紙,,paper scrap,,2633,,,,junk,,,3000,,,,,fiber,paper,,,,
730,junkFlat,散らばった紙,,paper scrap,,2634,,,,junk,,,3000,,,,,fiber,paper,,,,
738,junkFlat,魚の死骸,,dead fish,,2635,,,,junk,,,3000,,,,,,meat,,,,
849,junkFlat,釣り桶,,fishing bucket,,2636,,,,junk,,,,,,,,log,oak,,,,
861,junkFlat,錨,,anchor,,2637,,,,junk,,,,,,,,,iron,ext,,,
871,junkFlat,浮き輪,,float,,2638,,,,junk,,,,,,,,,plastic,,,,
925,junkFlat,石囲い,,stone circle,,2639,,,,junk,,,,,,,,,granite,,,,
988,junkWall,時計,,clock,,2952,,,,junk,Clock,,,,,,,log/1,cedar,,,,
989,junkWall,時計,,clock,,2953,,ex/amb_clock,,junk,Clock,,,,,,,log/1,cedar,,,,
1065,junkWall,標本,,specimen,,2957,,,,junk,,,,,,,,log/1,oak,,,,
238,junkWall,消火器,,fire extinguisher,,2900,,,,junk,,,,,,,,,,,,,
239,junkWall,バスケット,,basket,,2901,,,,junk,,,,,,,,,,,,,
240,junkWall,バルブ,,valve,,2902,,,,junk,,,,,,,,,,,,,
241,junkWall,時計,,clock,,2903,,ex/amb_clock,,junk,Clock,,,,,,,,,,,,
242,junkWall,浮き輪,,float,,2904,,,,junk,,,,,,,,,,,,,
243,junkWall,壁飾り,,wall decoration,,2905,,,,junk,,,,,,,,,,,,,
244,junkWall,壁飾り,,wall decoration,,2906,,,,junk,,,,,,,,,,,,,
245,junkWall,壁飾り,,wall decoration,,2907,,,,junk,,,,,,,,,,,,,
246,junkWall,壁飾り,,wall decoration,,2908,,,,junk,,,,,,,,,,,,,
247,junkWall,壁飾り,,wall decoration,,2909,,,,junk,,,,,,,,,,,,,
248,junkWall,壁飾り,,wall decoration,,2910,,,,junk,,,,,,,,,,,,,
249,junkWall,蜘蛛の巣,,cobweb,,2911,,,,junk,CobWeb,5,,,200,,loom,"fiber/1,fiber/1,fiber/1",silk,,,,
250,junkWall,蜘蛛の巣,,cobweb,,2912,,,,junk,CobWeb,5,,,200,,loom,"fiber/1,fiber/1,fiber/1",silk,,,,
251,junkWall,蜘蛛の巣,,cobweb,,2913,,,,junk,CobWeb,5,,,200,,loom,"fiber/1,fiber/1,fiber/1",silk,,,,
252,junkWall,壁飾り,,wall decoration,,2914,,,,junk,,,,,,,,,,,,,
253,junkWall,壁飾り,,wall decoration,,2915,,,,junk,,,,,,,,,,,,,
254,junkWall,壁飾り,,wall decoration,,2916,,,,junk,,,,,,,,,,,,,
255,junkWall,壁飾り,,wall decoration,,2917,,,,junk,,,,,,,,,,,,,
256,junkWall,きのこ,,mushroom,,2918,,,,junk,,,,,,,,,,,,,
257,junkWall,壁飾り,,wall decoration,,2919,,,,junk,,,,,,,,,,,,,
258,junkWall,電話,,phone,,2920,,,,junk,Phone,,,,,,,,,,,,
259,junkWall,カバン,,backpack,,2921,,,,junk,,,,,,,,,,,,,
807,junkWall,武器の装飾,,weapon decoration,,2922,,,,junk,,,,,,,,,,,,,
808,junkWall,武器の装飾,,weapon decoration,,2923,,,,junk,,,,,,,,,,,,,
809,junkWall,武器の装飾,,weapon decoration,,2924,,,,junk,,,,,,,,,,,,,
810,junkWall,矢筒,,quiver,,2925,,,,junk,"Quiver,2,4,quiver",,,,,,,,,,,,
820,junkWall,張り紙,,poster,,2926,,,,junk,,,,,100,,,,,,,,
821,junkWall,張り紙,,poster,,2927,,,,junk,,,,,100,,,,,,,,
822,junkWall,張り紙,,poster,,2928,,,,junk,,,,,100,,,,,,,,
823,junkWall,落書き,,scribble,,2934,,,,junk,,,,,100,,,log,oak,,,,
824,junkWall,落書き,,scribble,,2935,,,,junk,,,,,100,,,log,oak,,,,
825,junkWall,落書き,,scribble,,2936,,,,junk,,,,,100,,,log,oak,,,,
826,junkWall,落書き,,scribble,,2937,,,,junk,,,,,100,,,log,oak,,,,
278,junkWall,張り紙,,poster,,2929,,,,junk,,,,,100,,,,,,,,
279,junkWall,張り紙,,poster,,2930,,,,junk,,,,,100,,,,,,,,
640,junkWall,落書き,,scribble,,2931,,,,junk,,,,,100,,,log,oak,,,,
641,junkWall,落書き,,scribble,,2932,,,,junk,,,,,100,,,log,oak,,,,
642,junkWall,落書き,,scribble,,2933,,,,junk,,,,,100,,,log,oak,,,,
943,junkWall,落書き,,scribble,,3033,,,,junk,,,,,100,,,log,oak,,,,
852,junkWall,ドアベル,,door bell,,3044,,anime/4/100/8,,junk,"DoorBell,door_bell",,,,,,,log,oak,,,,
853,junkWall,風鈴,,wind chime,,3048,,"ex/amb_windchime1,anime/4/200/10",,junk,,,,,,,,glass,glass,,,,
854,junkWall,風鈴,,wind chime,,3040,,"ex/amb_windchime2,anime/4/200/10",,junk,,,,,,,,glass,glass,,,,
872,junkWall,風鈴,,wind chime,,3052,,"ex/amb_windchime1,anime/4/200/10",,junk,,,,,,,,glass,glass,,,,
873,junkWall,ドアベル,,door bell,,3056,,anime/3/100/8,,junk,"DoorBell,door_bell",,,,,,,log,oak,,,,
875,junkWall,ドアベル,,door bell,,3060,,anime/3/100/8,,junk,"DoorBell,door_bell",,,,,,,log,oak,,,,
883,junkWall,鍋,,pan,,2944,,,,junk,,,,,,,,ingot,copper,pot,,,
884,junkWall,鍋,,pan,,2945,,,,junk,,,,,,,,ingot,copper,pot,,,
885,junkWall,ロープ,,rope,,2946,,,,junk,,,,,,,,string,hemp,,,,
886,junkWall,バルブ,,valve,,2947,,,,junk,,,,,,,,ingot,copper,,,,
887,junkWall,バケツ,,bucket,,2948,,,,junk,,,,,,,,ingot,copper,,,,
890,junkWall,調理器具,,cooking tool,,2949,,,,junk,,,,,,,,ingot,copper,,,,
894,junkWall,窓,,window,,2950,,,,junk,Crenel,,,,,,,cutstone,granite,window,,,
986,junkWall,洗面器,,sink,,2951,,,,junk,,,,,,,,ingot,plastic,,,,
1005,junkWall,旗,,banner,,2954,,,,junk,,,,,,,,texture,paper,,,,
1006,junkWall,旗,,banner,,2955,,,,junk,,,,,,,,texture,paper,,,,
1007,junkWall,旗,,banner,,2956,,,,junk,,,,,,,,texture,paper,,,,
1275,junkWall,旗,,banner,,2960,,,,junk,,,,,,,,texture,paper,,,,
1025,lamp_ceil2,,,,,,,chandelier,,light,,,,,,,,,chromite,,,,
1026,lamp_ceil2,,,,,3504,,chandelier2,,light,,,,,,,,,iron,,,,
576,lamp_table,,,,,1405,,,,light,,3,,1000,,,machinebench,"ingot/1,microchip/1",plastic,,,,
577,lamp_table,,,,,1407,,,,light,,3,,1000,,,machinebench,"ingot/1,microchip/1",plastic,,,,
579,lamp_table,オーブ,,orb,,1412,,,,light,,,,,,,,gem/1,rubinus,,,,
580,lamp_table,異国のランプ,,exotic lamp,,1414,,,,light,,,,,,,,dye/1,rubinus,,exotic,,
581,lamp_table,灯篭,,stone lantern,,1416,,,,light,,,,,,,,rock/1,granite,,exotic,,
582,lamp_table,異国のランプ,,exotic lamp,,1418,,,,light,,,,,,,,texture/1,paper,,exotic,,
583,lamp_table,オーブ,,orb,,1420,,,,light,,,,,,,,gem/1,turquoise,,,,
584,lamp_table,,,,,1422,,,,light,,,,,,,,,mica,,,,
585,lamp_table,,,,,1424,,,,light,,,,,,,,,topaz,,,,
934,lantern_old,パンプキンランプ,,pumpkin lamp,,1426,,,,light,"SpecialLantern,4",22,0,,,,factory_accessory,"log/2,$dye,microchip/1",oak,,,,
953,lantern_old,ゴーストランプ,,ghost lamp,,1429,,,,light,"SpecialLantern,4",,0,,,,,dye/1,silver,,,,
954,lantern_old,マミーランプ,,mummy lamp,,1431,,,,light,"SpecialLantern,4",,0,,,,,dye/1,silver,,,,
955,lantern_old,プチランプ,,putit lamp,,1433,,,,light,"SpecialLantern,4",,0,,,,,dye/1,water,,,,
956,lantern_old,バットランプ,,bat lamp,,1435,,,,light,"SpecialLantern,4",,0,,,,,dye/1,obsidian,,,,
998,lantern_old,,,,,,,,,light,,,,,,Starter,factory_tinker,"scrap/4,thread/2,needle/1,resin/2",,,,,
999,lantern_old,ゴースト提灯,,ghost lantern,,1439,,,,light,"SpecialLantern,4",,0,,,,,dye/1,silver,,,,
1000,lantern_old,マミー提灯,,mummy lantern,,1441,,,,light,"SpecialLantern,4",,0,,,,,dye/1,silver,,,,
1001,lantern_old,プチ提灯,,putit lantern,,1443,,,,light,"SpecialLantern,4",,0,,,,,dye/1,water,,,,
1002,lantern_old,パンプキン提灯,,pumpkin lantern,,1445,,,,light,"SpecialLantern,4",,0,,,,,dye,oak,,,,
1003,lantern_old,バット提灯,,bat lantern,,1447,,,,light,"SpecialLantern,4",,0,,,,,dye/1,obsidian,,,,
1004,lantern_old,爆弾岩提灯,,bomb rock lantern,,1449,,,,light,"SpecialLantern,4",,0,,,,,dye/1,oak,,,,
1069,lantern_old,聖なる玉,,holy ball,,1453,,,,light,"SpecialLantern,4",,0,,,,,dye/1,aquamarine,,,,
1070,lantern_old,月のランタン,,moon lantern,,1455,,,,light,"SpecialLantern,4",,0,,,,,dye/1,gold,,,,
1071,lantern_old,月のランタン,,moon lantern,,1457,,,,light,"SpecialLantern,4",,0,,,,,dye/1,gold,,,,
1072,lantern_old,きのこのランタン,,mushroom lantern,,1459,,,,light,"SpecialLantern,4",,0,,,,,dye/1,gold,,,,
1073,lantern_old,きのこのランタン,,mushroom lantern,,1461,,,,light,"SpecialLantern,4",,0,,,,,dye/1,gold,,,,
1013,illumination,,,,,4300,,,,light_illumination,,,,,,,,,,,,,
1034,illumination,,,,,4304,,,,light_illumination,,,,,,,,,,,,,
1030,illumination2,,,,,3800,,,,light_illumination,,,,,,,,,,,,,
1031,illumination2,,,,,3804,,,,light_illumination,,,,,,,,,,,,,
1032,illumination2,,,,,4000,,,,light_illumination,,,,,,,,,,,,,
1033,illumination2,,,,,4004,,,,light_illumination,,,,,,,,,,,,,
1037,illumination2,,,,,3700,,,,light_illumination,,,,,,,,,,,,,
1038,illumination2,,,,,3900,,,,light_illumination,,,,,,,,,,,,,
1040,illumination2,,,,,3808,,,,light_illumination,,,,,,,,,,,,,
1041,illumination2,,,,,3812,,,,light_illumination,,,,,,,,,,,,,
1042,illumination2,,,,,3908,,,,light_illumination,,,,,,,,,,,,,
1043,illumination2,,,,,3912,,,,light_illumination,,,,,,,,,,,,,
1044,illumination3,,,,,2600,,,,light_illumination,,,,,,,,,,,,,
1045,illumination3,,,,,2700,,,,light_illumination,,,,,,,,,,,,,
1057,illumination3,,,,,2604,,,,light_illumination,,,,,,,,,,,,,
1080,illumination3,,,,,2608,,,,light_illumination,,,,,,,,,,,,,
1077,torchL,藁のヤカシャの像,,Yakasha,wara sculpture,,,,,light_special,"Hearth,cooking",,0,,,,,grass,straw,ext,,,
flower_white,flower,白い花,,white flower,,1900,,,,resource,,,,300,,,,,,,,,
flower_yellow,flower,黄色い花,,yellow flower,,1901,,,,resource,,,,200,,,,,,,,,
flower_blue,flower,青い花,,blue flower,,1902,,,,resource,,,,400,,,,,,,,,
flower_himawari,flower,ひまわりの花,,sunflower,,2044,,,,resource,,,,500,,,,,,,,,
flower_tulip,flower,チューリップの花,,tulip,,2043,,,,resource,,,,600,,,,,,,,,
rod_wish,rod,願いの杖,,wish,,,,,"effect,Wish,100",rod,,50,1,1000000,,,,,,,noShop,,
rod_random,rod,魔法の杖,,magic,,,,,,rod,RodRandom,1,10000,1500,,,,,,,,,
377,stairs,,,,,"1804,1805,1806,1807",,,,stairs,,,,,,,,rock/1,granite,,,,
376,stairs,,,,,"1808,1809,1810,1811",,,,stairs,,,,,,,,plank/1,oak,,,,
stairs_cave,stairs,,,,,"1814,-1814,1814,-1814",,,,stairs,,,,,,,,chunk,mud,,,,
379,stairs,,,,,"1816,1817,1818,1819",,,,stairs,,,,,,,,cutstone,granite,,,,
380,stairsDown,,,,,2003,,,,stairs,,,,,,,,rock/1,granite,,,,
381,stairsDown,,,,,2005,,,,stairs,,,,,,,,plank/1,oak,,,,
stairsDown_cave,stairsDown,,,,,2006,,,,stairs,,,,,,,,chunk,mud,,,,
383,stairsDown,,,,,2007,,,,stairs,,,,,,,,chunk,mud,,,,
932,stairsDown,,,,,2105,,,,stairs,,,,,,,,cutstone,granite,,,,
942,mine,,,,,,,,mine,trap,,,,,,,,,,,,,
935,trap,酸の罠,,acid trap,,1831,,,acid,trap,,,1000,,,,,,,,,,
936,trap,テレポートの罠,,teleport trap,,1832,,,teleport,trap,,,1000,,,,,,,,,,
937,trap,呪いの罠,,curse trap,,1833,,,curse,trap,,,500,,,,,,,,,,
938,trap,催眠ガスの罠,,sleep dart trap,,1834,,,sleep,trap,,,1000,,,,,,,,,,
939,trap,槍の罠,,spear trap,,1835,,,spear,trap,,,1000,,,,,,,,,,
940,trap,墨の罠,,ink trap,,1836,,,blind,trap,,,1000,,,,,,,,,,
941,trap,麻痺の罠,,paralysis trap,,1837,,,paralysis,trap,,,1000,,,,,,,,,,
1029,trap,謎のスイッチ,,strange switch,,1838,,,sister,trap,TrapSister,,0,,,,,,,,,,
queenbee,ingredient,女王蜂,匹,queen bee,,4400,,,,resource_ingredient,,20,,1200,,,,,process,,,,
goodness,ingredient,この耐えがたい世界に残された最後の僅かな良心,握り,decency in this wretched world,last remaining flicker,4403,,"ele/comfort/70,ele/quality/70,ele/rare/80",,resource_ingredient,,30,,4000,,,,,cotton,,,,
minohorn,ingredient,ミノタウロスの大角,本,minotaur,great horn,4405,,unique,,resource_ingredient,,30,,12000,,,,,obsidian,,,ミノタウロスの王の立派な角だ。何かの役に立つかもしれない。,The mighty horn of the Minotaur King. It may be of some use.
nobility,ingredient,高貴なクマ,匹,noble bear,,4404,,,,resource_ingredient,,40,,9500,,,,,cotton,,,,
memory_chip,ingredient,メモリーチップ,枚,memory chip,,4412,,,,resource_ingredient,,16,,2560,,,,,silver,,,,
core_machine,ingredient,機械のコア,,machine core,,4411,,,,resource_ingredient,,32,,5120,,,,,iron,,,,
1175,pillow_body,犬の抱き枕,,dog body pillow,,2027,,,,,,,,,,,,,,,,,
1176,pillow_body,猫の抱き枕,,cat body pillow,,2028,,,,,,,,,,,,,,,,,
summon_inos,artifact_summon,イノス＝トゥルスの心臓,,Innos Tur'as,heart,1748,,,,,,,,,,,,,,,,,
backpack1,backpack,,,,,1702,,,,,,,,,,,,,,,,,
backpack2,backpack,鞄,,bag,,1700,,,,,,,,,,,,,cashmere,,,,
backpack3,backpack,鞄,,trunk,,1701,,,,,,,,,,,,,cashmere,,,,
table_mirror1,table_mirror,,,,,,,,,,,,,,,,,,,,,,
table_mirror2,table_mirror,,,,,1317,,,,,,,,,,,,,,,,,
table_mirror_small1,table_mirror_small,,,,,,,,,,,,,,,,,,,,,,
crystal_earth,crystal,大地の結晶,,earth crystal,,543,,ele/rare/20,,,,10,,500,,,,,topaz,,,,
crystal_sun,crystal,太陽の結晶,,sun crystal,,544,,ele/rare/5,,,,20,,1200,,,,,gold,,,,
crystal_mana,crystal,魔力の結晶,,mana crystal,,545,,ele/rare/40,,,,30,,3000,,,,,ether,,,,
waterfall1,waterfall,滝の端,,waterfall edge,,4454,,,,,,,,,,,,,,,,,
waterfall2,waterfall,,,,,4458,,,,,,,,,,,,,,,,,
waterfall3,waterfall,水しぶき,,water splash,,4358,,,,,,,,,,,,,,,,,
waterfall4,waterfall,せせらぎ,,water babbling,,4354,,,,,,,,,,,,,,,,,
waterfall5,waterfall,せせらぎ,,water babbling,,4254,,,,,,,,,,,,,,,,,
waterfall6,waterfall,水しぶき,,water splash,,4258,,,,,,,,,,,,,,,,,
waterfall7,waterfall,波紋,,ripple,,4157,,anime/7/200/10,,,,,,,,,,,,,,,
waterfall8,waterfall,泡,,bubble,,"4350,-4350,4450,-4450",,anime/4/300,,,,,,,,,,,,,,,
waterfall9,waterfall,沼の泡,,swamp bubble,,4151,,anime/6/300,,,,,,,,,,,,,,,
waterfall10,waterfall,沼の泡,,swamp bubble,,4139,,anime/12/200,,,,,,,,,,,,,,,
waterfall11,waterfall,溶岩の泡,,lava bubble,,4244,,anime/6/200,,,,,,,,,,,magma,,animeNoSync,,
waterfall12,waterfall,溶岩の泡,,lava bubble,,4344,,anime/6/200,,,,,,,,,,,magma,,animeNoSync,,
waterfall13,waterfall,溶岩の泡,,lava bubble,,4444,,anime/6/200,,,,,,,,,,,magma,,,,
waterfall14,waterfall,溶岩の泡,,lava bubble,,4544,,anime/6/200,,,,,,,,,,,magma,,,,
waterfall15,waterfall,溶岩のカーテン,,lava curtain,,4644,,anime/6/200,,,,,,,,,,,magma,,,,
waterfall16,waterfall,溶岩の泡,,lava bubble,,4550,,anime/12/200,,,,,,,,,,,magma,,animeNoSync,,
waterfall17,waterfall,溶岩の柱,,lava pillar,,4650,,anime/6/200,,,,,,,,,,,magma,,,,
waterfall18,waterfall,溶岩の柱,,lava pillar,,4656,,anime/6/200,,,,,,,,,,,magma,,,,
mb_1,memorial_block,メモリアルブロック1番,,Memorial Block No.1,,5200,,,,,,,,,,,,,,,,,
mb_2,memorial_block,メモリアルブロック2番,,Memorial Block No.2,,5201,,,,,,,,,,,,,,,,,
mb_3,memorial_block,メモリアルブロック3番,,Memorial Block No.3,,5202,,,,,,,,,,,,,,,,,
mb_4,memorial_block,メモリアルブロック4番,,Memorial Block No.4,,5203,,,,,,,,,,,,,,,,,
mb_5,memorial_block,メモリアルブロック5番,,Memorial Block No.5,,5204,,,,,,,,,,,,,,,,,
rune_mold_earth,rune_mold,,,,,4502,,,,,RuneMoldEarth,10,5,2500,,,factory_accessory,"ingot/2,crystal_earth",,,,ルーンを 鋳造するための鋳型だ。高級品までの装備からエンチャントを抽出することができる。,A mold for casting runes. It allows the extraction of enchantments from equipment up to good-tier.
rune_mold_sun,rune_mold,,,,,4503,,,,,RuneMoldSun,25,2,5000,,,factory_accessory,"ingot/6,crystal_sun",,,,ルーンを 鋳造するための鋳型だ。奇跡品までの装備からエンチャントを抽出することができる。,A mold for casting runes. It allows the extraction of enchantments from equipment up to miracle-tier.
rune_mold_mana,rune_mold,,,,,4504,,,,,RuneMoldMana,40,0,10000,,,factory_accessory,"ingot/10,crystal_mana",,,,ルーンを 鋳造するための鋳型だ。神器までの装備からエンチャントを抽出することができる。,A mold for casting runes. It allows the extraction of enchantments from equipment up to godly-tier.
cage_bird,cage,鳥かご,,bird cage,,,,,,,,,,,,,,,,,,,
cage_bird2,cage,飼育用鳥かご,,breeding bird cage,,,,,,,CageBreeding,,,,,,,,,,,,
trainingDummy_heavy1,trainingDummy_heavy,,,,,,,,,,,,,,,,,,,,,,
trainingDummy_heavy2,trainingDummy_heavy,,,,,3025,,,,,,,,,,,,,,,,,
block_sponge,block_fake,フェイクブロック,,fake block,,107,,,,,,,,,,,,,mud,,,,
block_strawberry,furniture,巨大ストロベリー,,giant strawberry,,5500,,,,,,,,,,,,,cream,obj,,,
block_cream,furniture,巨大ホイップクリーム,,giant whipped cream,,5501,,,,,,,,,,,,,cream,obj,,,
block_mango,furniture,巨大マンゴー,,giant mango,,5502,,,,,,,,,,,,,cream,obj,,,
block_cherry,furniture,巨大さくらんぼ,,giant cherry,,5503,,,,,,,,,,,,,cream,obj,,,
block_chocoplate,furniture,巨大チョコプレート,,giant chocolate plate,,5504,,,,,,,,,,,,,cream,obj,,,
block_banana,furniture,巨大バナナ,,giant banana,,5505,,,,,,,,,,,,,cream,obj,,,
block_mousse,furniture,巨大ムース,,giant mousse,,5506,,,,,,,,,,,,,mud,obj,,,
block_melon,furniture,デカメロン,,decamelon,,"5600,-5600,5700,-5700",,,,,,,,,,,,,cream,obj,,,
block_kiwi,furniture,巨大キウイ,,giant kiwi,,5601,,,,,,,,,,,,,cream,obj,,,
block_peach,furniture,巨大ピーチ,,giant peach,,5602,,,,,,,,,,,,,cream,obj,,,
